,payoffs,schedule_type,cooperating_agents
0,0.5,Sequential,1228
1,0.5,Sequential,2500
2,0.5,Sequential,2500
3,0.5,Sequential,2500
4,0.5,Sequential,2500
5,0.5,Sequential,2500
6,0.5,Sequential,2500
7,0.5,Sequential,2500
8,0.5,Sequential,2500
9,0.5,Sequential,2500
10,0.5,Sequential,2500
11,0.5,Sequential,2500
12,0.5,Sequential,2500
13,0.5,Sequential,2500
14,0.5,Sequential,2500
15,0.5,Sequential,2500
16,0.5,Sequential,2500
17,0.5,Sequential,2500
18,0.5,Sequential,2500
19,0.5,Sequential,2500
20,0.5,Sequential,2500
21,0.5,Sequential,2500
22,0.5,Sequential,2500
23,0.5,Sequential,2500
24,0.5,Sequential,2500
25,0.5,Sequential,2500
26,0.5,Sequential,2500
27,0.5,Sequential,2500
28,0.5,Sequential,2500
29,0.5,Sequential,2500
30,0.5,Sequential,2500
31,0.5,Sequential,2500
32,0.5,Sequential,2500
33,0.5,Sequential,2500
34,0.5,Sequential,2500
35,0.5,Sequential,2500
36,0.5,Sequential,2500
37,0.5,Sequential,2500
38,0.5,Sequential,2500
39,0.5,Sequential,2500
40,0.5,Sequential,2500
41,0.5,Sequential,2500
42,0.5,Sequential,2500
43,0.5,Sequential,2500
44,0.5,Sequential,2500
45,0.5,Sequential,2500
46,0.5,Sequential,2500
47,0.5,Sequential,2500
48,0.5,Sequential,2500
49,0.5,Sequential,2500
50,0.5,Sequential,2500
51,0.5,Sequential,1228
52,0.5,Sequential,2500
53,0.5,Sequential,2500
54,0.5,Sequential,2500
55,0.5,Sequential,2500
56,0.5,Sequential,2500
57,0.5,Sequential,2500
58,0.5,Sequential,2500
59,0.5,Sequential,2500
60,0.5,Sequential,2500
61,0.5,Sequential,2500
62,0.5,Sequential,2500
63,0.5,Sequential,2500
64,0.5,Sequential,2500
65,0.5,Sequential,2500
66,0.5,Sequential,2500
67,0.5,Sequential,2500
68,0.5,Sequential,2500
69,0.5,Sequential,2500
70,0.5,Sequential,2500
71,0.5,Sequential,2500
72,0.5,Sequential,2500
73,0.5,Sequential,2500
74,0.5,Sequential,2500
75,0.5,Sequential,2500
76,0.5,Sequential,2500
77,0.5,Sequential,2500
78,0.5,Sequential,2500
79,0.5,Sequential,2500
80,0.5,Sequential,2500
81,0.5,Sequential,2500
82,0.5,Sequential,2500
83,0.5,Sequential,2500
84,0.5,Sequential,2500
85,0.5,Sequential,2500
86,0.5,Sequential,2500
87,0.5,Sequential,2500
88,0.5,Sequential,2500
89,0.5,Sequential,2500
90,0.5,Sequential,2500
91,0.5,Sequential,2500
92,0.5,Sequential,2500
93,0.5,Sequential,2500
94,0.5,Sequential,2500
95,0.5,Sequential,2500
96,0.5,Sequential,2500
97,0.5,Sequential,2500
98,0.5,Sequential,2500
99,0.5,Sequential,2500
100,0.5,Sequential,2500
101,0.5,Sequential,2500
102,0.5,Sequential,1228
103,0.5,Sequential,2500
104,0.5,Sequential,2500
105,0.5,Sequential,2500
106,0.5,Sequential,2500
107,0.5,Sequential,2500
108,0.5,Sequential,2500
109,0.5,Sequential,2500
110,0.5,Sequential,2500
111,0.5,Sequential,2500
112,0.5,Sequential,2500
113,0.5,Sequential,2500
114,0.5,Sequential,2500
115,0.5,Sequential,2500
116,0.5,Sequential,2500
117,0.5,Sequential,2500
118,0.5,Sequential,2500
119,0.5,Sequential,2500
120,0.5,Sequential,2500
121,0.5,Sequential,2500
122,0.5,Sequential,2500
123,0.5,Sequential,2500
124,0.5,Sequential,2500
125,0.5,Sequential,2500
126,0.5,Sequential,2500
127,0.5,Sequential,2500
128,0.5,Sequential,2500
129,0.5,Sequential,2500
130,0.5,Sequential,2500
131,0.5,Sequential,2500
132,0.5,Sequential,2500
133,0.5,Sequential,2500
134,0.5,Sequential,2500
135,0.5,Sequential,2500
136,0.5,Sequential,2500
137,0.5,Sequential,2500
138,0.5,Sequential,2500
139,0.5,Sequential,2500
140,0.5,Sequential,2500
141,0.5,Sequential,2500
142,0.5,Sequential,2500
143,0.5,Sequential,2500
144,0.5,Sequential,2500
145,0.5,Sequential,2500
146,0.5,Sequential,2500
147,0.5,Sequential,2500
148,0.5,Sequential,2500
149,0.5,Sequential,2500
150,0.5,Sequential,2500
151,0.5,Sequential,2500
152,0.5,Sequential,2500
153,0.5,Sequential,1228
154,0.5,Sequential,2500
155,0.5,Sequential,2500
156,0.5,Sequential,2500
157,0.5,Sequential,2500
158,0.5,Sequential,2500
159,0.5,Sequential,2500
160,0.5,Sequential,2500
161,0.5,Sequential,2500
162,0.5,Sequential,2500
163,0.5,Sequential,2500
164,0.5,Sequential,2500
165,0.5,Sequential,2500
166,0.5,Sequential,2500
167,0.5,Sequential,2500
168,0.5,Sequential,2500
169,0.5,Sequential,2500
170,0.5,Sequential,2500
171,0.5,Sequential,2500
172,0.5,Sequential,2500
173,0.5,Sequential,2500
174,0.5,Sequential,2500
175,0.5,Sequential,2500
176,0.5,Sequential,2500
177,0.5,Sequential,2500
178,0.5,Sequential,2500
179,0.5,Sequential,2500
180,0.5,Sequential,2500
181,0.5,Sequential,2500
182,0.5,Sequential,2500
183,0.5,Sequential,2500
184,0.5,Sequential,2500
185,0.5,Sequential,2500
186,0.5,Sequential,2500
187,0.5,Sequential,2500
188,0.5,Sequential,2500
189,0.5,Sequential,2500
190,0.5,Sequential,2500
191,0.5,Sequential,2500
192,0.5,Sequential,2500
193,0.5,Sequential,2500
194,0.5,Sequential,2500
195,0.5,Sequential,2500
196,0.5,Sequential,2500
197,0.5,Sequential,2500
198,0.5,Sequential,2500
199,0.5,Sequential,2500
200,0.5,Sequential,2500
201,0.5,Sequential,2500
202,0.5,Sequential,2500
203,0.5,Sequential,2500
204,0.5,Sequential,1228
205,0.5,Sequential,2500
206,0.5,Sequential,2500
207,0.5,Sequential,2500
208,0.5,Sequential,2500
209,0.5,Sequential,2500
210,0.5,Sequential,2500
211,0.5,Sequential,2500
212,0.5,Sequential,2500
213,0.5,Sequential,2500
214,0.5,Sequential,2500
215,0.5,Sequential,2500
216,0.5,Sequential,2500
217,0.5,Sequential,2500
218,0.5,Sequential,2500
219,0.5,Sequential,2500
220,0.5,Sequential,2500
221,0.5,Sequential,2500
222,0.5,Sequential,2500
223,0.5,Sequential,2500
224,0.5,Sequential,2500
225,0.5,Sequential,2500
226,0.5,Sequential,2500
227,0.5,Sequential,2500
228,0.5,Sequential,2500
229,0.5,Sequential,2500
230,0.5,Sequential,2500
231,0.5,Sequential,2500
232,0.5,Sequential,2500
233,0.5,Sequential,2500
234,0.5,Sequential,2500
235,0.5,Sequential,2500
236,0.5,Sequential,2500
237,0.5,Sequential,2500
238,0.5,Sequential,2500
239,0.5,Sequential,2500
240,0.5,Sequential,2500
241,0.5,Sequential,2500
242,0.5,Sequential,2500
243,0.5,Sequential,2500
244,0.5,Sequential,2500
245,0.5,Sequential,2500
246,0.5,Sequential,2500
247,0.5,Sequential,2500
248,0.5,Sequential,2500
249,0.5,Sequential,2500
250,0.5,Sequential,2500
251,0.5,Sequential,2500
252,0.5,Sequential,2500
253,0.5,Sequential,2500
254,0.5,Sequential,2500
255,0.5,Random,1228
256,0.5,Random,1963
257,0.5,Random,2488
258,0.5,Random,2500
259,0.5,Random,2500
260,0.5,Random,2500
261,0.5,Random,2500
262,0.5,Random,2500
263,0.5,Random,2500
264,0.5,Random,2500
265,0.5,Random,2500
266,0.5,Random,2500
267,0.5,Random,2500
268,0.5,Random,2500
269,0.5,Random,2500
270,0.5,Random,2500
271,0.5,Random,2500
272,0.5,Random,2500
273,0.5,Random,2500
274,0.5,Random,2500
275,0.5,Random,2500
276,0.5,Random,2500
277,0.5,Random,2500
278,0.5,Random,2500
279,0.5,Random,2500
280,0.5,Random,2500
281,0.5,Random,2500
282,0.5,Random,2500
283,0.5,Random,2500
284,0.5,Random,2500
285,0.5,Random,2500
286,0.5,Random,2500
287,0.5,Random,2500
288,0.5,Random,2500
289,0.5,Random,2500
290,0.5,Random,2500
291,0.5,Random,2500
292,0.5,Random,2500
293,0.5,Random,2500
294,0.5,Random,2500
295,0.5,Random,2500
296,0.5,Random,2500
297,0.5,Random,2500
298,0.5,Random,2500
299,0.5,Random,2500
300,0.5,Random,2500
301,0.5,Random,2500
302,0.5,Random,2500
303,0.5,Random,2500
304,0.5,Random,2500
305,0.5,Random,2500
306,0.5,Random,1228
307,0.5,Random,1963
308,0.5,Random,2488
309,0.5,Random,2500
310,0.5,Random,2500
311,0.5,Random,2500
312,0.5,Random,2500
313,0.5,Random,2500
314,0.5,Random,2500
315,0.5,Random,2500
316,0.5,Random,2500
317,0.5,Random,2500
318,0.5,Random,2500
319,0.5,Random,2500
320,0.5,Random,2500
321,0.5,Random,2500
322,0.5,Random,2500
323,0.5,Random,2500
324,0.5,Random,2500
325,0.5,Random,2500
326,0.5,Random,2500
327,0.5,Random,2500
328,0.5,Random,2500
329,0.5,Random,2500
330,0.5,Random,2500
331,0.5,Random,2500
332,0.5,Random,2500
333,0.5,Random,2500
334,0.5,Random,2500
335,0.5,Random,2500
336,0.5,Random,2500
337,0.5,Random,2500
338,0.5,Random,2500
339,0.5,Random,2500
340,0.5,Random,2500
341,0.5,Random,2500
342,0.5,Random,2500
343,0.5,Random,2500
344,0.5,Random,2500
345,0.5,Random,2500
346,0.5,Random,2500
347,0.5,Random,2500
348,0.5,Random,2500
349,0.5,Random,2500
350,0.5,Random,2500
351,0.5,Random,2500
352,0.5,Random,2500
353,0.5,Random,2500
354,0.5,Random,2500
355,0.5,Random,2500
356,0.5,Random,2500
357,0.5,Random,1228
358,0.5,Random,1963
359,0.5,Random,2488
360,0.5,Random,2500
361,0.5,Random,2500
362,0.5,Random,2500
363,0.5,Random,2500
364,0.5,Random,2500
365,0.5,Random,2500
366,0.5,Random,2500
367,0.5,Random,2500
368,0.5,Random,2500
369,0.5,Random,2500
370,0.5,Random,2500
371,0.5,Random,2500
372,0.5,Random,2500
373,0.5,Random,2500
374,0.5,Random,2500
375,0.5,Random,2500
376,0.5,Random,2500
377,0.5,Random,2500
378,0.5,Random,2500
379,0.5,Random,2500
380,0.5,Random,2500
381,0.5,Random,2500
382,0.5,Random,2500
383,0.5,Random,2500
384,0.5,Random,2500
385,0.5,Random,2500
386,0.5,Random,2500
387,0.5,Random,2500
388,0.5,Random,2500
389,0.5,Random,2500
390,0.5,Random,2500
391,0.5,Random,2500
392,0.5,Random,2500
393,0.5,Random,2500
394,0.5,Random,2500
395,0.5,Random,2500
396,0.5,Random,2500
397,0.5,Random,2500
398,0.5,Random,2500
399,0.5,Random,2500
400,0.5,Random,2500
401,0.5,Random,2500
402,0.5,Random,2500
403,0.5,Random,2500
404,0.5,Random,2500
405,0.5,Random,2500
406,0.5,Random,2500
407,0.5,Random,2500
408,0.5,Random,1228
409,0.5,Random,1963
410,0.5,Random,2488
411,0.5,Random,2500
412,0.5,Random,2500
413,0.5,Random,2500
414,0.5,Random,2500
415,0.5,Random,2500
416,0.5,Random,2500
417,0.5,Random,2500
418,0.5,Random,2500
419,0.5,Random,2500
420,0.5,Random,2500
421,0.5,Random,2500
422,0.5,Random,2500
423,0.5,Random,2500
424,0.5,Random,2500
425,0.5,Random,2500
426,0.5,Random,2500
427,0.5,Random,2500
428,0.5,Random,2500
429,0.5,Random,2500
430,0.5,Random,2500
431,0.5,Random,2500
432,0.5,Random,2500
433,0.5,Random,2500
434,0.5,Random,2500
435,0.5,Random,2500
436,0.5,Random,2500
437,0.5,Random,2500
438,0.5,Random,2500
439,0.5,Random,2500
440,0.5,Random,2500
441,0.5,Random,2500
442,0.5,Random,2500
443,0.5,Random,2500
444,0.5,Random,2500
445,0.5,Random,2500
446,0.5,Random,2500
447,0.5,Random,2500
448,0.5,Random,2500
449,0.5,Random,2500
450,0.5,Random,2500
451,0.5,Random,2500
452,0.5,Random,2500
453,0.5,Random,2500
454,0.5,Random,2500
455,0.5,Random,2500
456,0.5,Random,2500
457,0.5,Random,2500
458,0.5,Random,2500
459,0.5,Random,1228
460,0.5,Random,1963
461,0.5,Random,2488
462,0.5,Random,2500
463,0.5,Random,2500
464,0.5,Random,2500
465,0.5,Random,2500
466,0.5,Random,2500
467,0.5,Random,2500
468,0.5,Random,2500
469,0.5,Random,2500
470,0.5,Random,2500
471,0.5,Random,2500
472,0.5,Random,2500
473,0.5,Random,2500
474,0.5,Random,2500
475,0.5,Random,2500
476,0.5,Random,2500
477,0.5,Random,2500
478,0.5,Random,2500
479,0.5,Random,2500
480,0.5,Random,2500
481,0.5,Random,2500
482,0.5,Random,2500
483,0.5,Random,2500
484,0.5,Random,2500
485,0.5,Random,2500
486,0.5,Random,2500
487,0.5,Random,2500
488,0.5,Random,2500
489,0.5,Random,2500
490,0.5,Random,2500
491,0.5,Random,2500
492,0.5,Random,2500
493,0.5,Random,2500
494,0.5,Random,2500
495,0.5,Random,2500
496,0.5,Random,2500
497,0.5,Random,2500
498,0.5,Random,2500
499,0.5,Random,2500
500,0.5,Random,2500
501,0.5,Random,2500
502,0.5,Random,2500
503,0.5,Random,2500
504,0.5,Random,2500
505,0.5,Random,2500
506,0.5,Random,2500
507,0.5,Random,2500
508,0.5,Random,2500
509,0.5,Random,2500
510,0.5,Simultaneous,1228
511,0.5,Simultaneous,1224
512,0.5,Simultaneous,2374
513,0.5,Simultaneous,2500
514,0.5,Simultaneous,2500
515,0.5,Simultaneous,2500
516,0.5,Simultaneous,2500
517,0.5,Simultaneous,2500
518,0.5,Simultaneous,2500
519,0.5,Simultaneous,2500
520,0.5,Simultaneous,2500
521,0.5,Simultaneous,2500
522,0.5,Simultaneous,2500
523,0.5,Simultaneous,2500
524,0.5,Simultaneous,2500
525,0.5,Simultaneous,2500
526,0.5,Simultaneous,2500
527,0.5,Simultaneous,2500
528,0.5,Simultaneous,2500
529,0.5,Simultaneous,2500
530,0.5,Simultaneous,2500
531,0.5,Simultaneous,2500
532,0.5,Simultaneous,2500
533,0.5,Simultaneous,2500
534,0.5,Simultaneous,2500
535,0.5,Simultaneous,2500
536,0.5,Simultaneous,2500
537,0.5,Simultaneous,2500
538,0.5,Simultaneous,2500
539,0.5,Simultaneous,2500
540,0.5,Simultaneous,2500
541,0.5,Simultaneous,2500
542,0.5,Simultaneous,2500
543,0.5,Simultaneous,2500
544,0.5,Simultaneous,2500
545,0.5,Simultaneous,2500
546,0.5,Simultaneous,2500
547,0.5,Simultaneous,2500
548,0.5,Simultaneous,2500
549,0.5,Simultaneous,2500
550,0.5,Simultaneous,2500
551,0.5,Simultaneous,2500
552,0.5,Simultaneous,2500
553,0.5,Simultaneous,2500
554,0.5,Simultaneous,2500
555,0.5,Simultaneous,2500
556,0.5,Simultaneous,2500
557,0.5,Simultaneous,2500
558,0.5,Simultaneous,2500
559,0.5,Simultaneous,2500
560,0.5,Simultaneous,2500
561,0.5,Simultaneous,1228
562,0.5,Simultaneous,1224
563,0.5,Simultaneous,2374
564,0.5,Simultaneous,2500
565,0.5,Simultaneous,2500
566,0.5,Simultaneous,2500
567,0.5,Simultaneous,2500
568,0.5,Simultaneous,2500
569,0.5,Simultaneous,2500
570,0.5,Simultaneous,2500
571,0.5,Simultaneous,2500
572,0.5,Simultaneous,2500
573,0.5,Simultaneous,2500
574,0.5,Simultaneous,2500
575,0.5,Simultaneous,2500
576,0.5,Simultaneous,2500
577,0.5,Simultaneous,2500
578,0.5,Simultaneous,2500
579,0.5,Simultaneous,2500
580,0.5,Simultaneous,2500
581,0.5,Simultaneous,2500
582,0.5,Simultaneous,2500
583,0.5,Simultaneous,2500
584,0.5,Simultaneous,2500
585,0.5,Simultaneous,2500
586,0.5,Simultaneous,2500
587,0.5,Simultaneous,2500
588,0.5,Simultaneous,2500
589,0.5,Simultaneous,2500
590,0.5,Simultaneous,2500
591,0.5,Simultaneous,2500
592,0.5,Simultaneous,2500
593,0.5,Simultaneous,2500
594,0.5,Simultaneous,2500
595,0.5,Simultaneous,2500
596,0.5,Simultaneous,2500
597,0.5,Simultaneous,2500
598,0.5,Simultaneous,2500
599,0.5,Simultaneous,2500
600,0.5,Simultaneous,2500
601,0.5,Simultaneous,2500
602,0.5,Simultaneous,2500
603,0.5,Simultaneous,2500
604,0.5,Simultaneous,2500
605,0.5,Simultaneous,2500
606,0.5,Simultaneous,2500
607,0.5,Simultaneous,2500
608,0.5,Simultaneous,2500
609,0.5,Simultaneous,2500
610,0.5,Simultaneous,2500
611,0.5,Simultaneous,2500
612,0.5,Simultaneous,1228
613,0.5,Simultaneous,1224
614,0.5,Simultaneous,2374
615,0.5,Simultaneous,2500
616,0.5,Simultaneous,2500
617,0.5,Simultaneous,2500
618,0.5,Simultaneous,2500
619,0.5,Simultaneous,2500
620,0.5,Simultaneous,2500
621,0.5,Simultaneous,2500
622,0.5,Simultaneous,2500
623,0.5,Simultaneous,2500
624,0.5,Simultaneous,2500
625,0.5,Simultaneous,2500
626,0.5,Simultaneous,2500
627,0.5,Simultaneous,2500
628,0.5,Simultaneous,2500
629,0.5,Simultaneous,2500
630,0.5,Simultaneous,2500
631,0.5,Simultaneous,2500
632,0.5,Simultaneous,2500
633,0.5,Simultaneous,2500
634,0.5,Simultaneous,2500
635,0.5,Simultaneous,2500
636,0.5,Simultaneous,2500
637,0.5,Simultaneous,2500
638,0.5,Simultaneous,2500
639,0.5,Simultaneous,2500
640,0.5,Simultaneous,2500
641,0.5,Simultaneous,2500
642,0.5,Simultaneous,2500
643,0.5,Simultaneous,2500
644,0.5,Simultaneous,2500
645,0.5,Simultaneous,2500
646,0.5,Simultaneous,2500
647,0.5,Simultaneous,2500
648,0.5,Simultaneous,2500
649,0.5,Simultaneous,2500
650,0.5,Simultaneous,2500
651,0.5,Simultaneous,2500
652,0.5,Simultaneous,2500
653,0.5,Simultaneous,2500
654,0.5,Simultaneous,2500
655,0.5,Simultaneous,2500
656,0.5,Simultaneous,2500
657,0.5,Simultaneous,2500
658,0.5,Simultaneous,2500
659,0.5,Simultaneous,2500
660,0.5,Simultaneous,2500
661,0.5,Simultaneous,2500
662,0.5,Simultaneous,2500
663,0.5,Simultaneous,1228
664,0.5,Simultaneous,1224
665,0.5,Simultaneous,2374
666,0.5,Simultaneous,2500
667,0.5,Simultaneous,2500
668,0.5,Simultaneous,2500
669,0.5,Simultaneous,2500
670,0.5,Simultaneous,2500
671,0.5,Simultaneous,2500
672,0.5,Simultaneous,2500
673,0.5,Simultaneous,2500
674,0.5,Simultaneous,2500
675,0.5,Simultaneous,2500
676,0.5,Simultaneous,2500
677,0.5,Simultaneous,2500
678,0.5,Simultaneous,2500
679,0.5,Simultaneous,2500
680,0.5,Simultaneous,2500
681,0.5,Simultaneous,2500
682,0.5,Simultaneous,2500
683,0.5,Simultaneous,2500
684,0.5,Simultaneous,2500
685,0.5,Simultaneous,2500
686,0.5,Simultaneous,2500
687,0.5,Simultaneous,2500
688,0.5,Simultaneous,2500
689,0.5,Simultaneous,2500
690,0.5,Simultaneous,2500
691,0.5,Simultaneous,2500
692,0.5,Simultaneous,2500
693,0.5,Simultaneous,2500
694,0.5,Simultaneous,2500
695,0.5,Simultaneous,2500
696,0.5,Simultaneous,2500
697,0.5,Simultaneous,2500
698,0.5,Simultaneous,2500
699,0.5,Simultaneous,2500
700,0.5,Simultaneous,2500
701,0.5,Simultaneous,2500
702,0.5,Simultaneous,2500
703,0.5,Simultaneous,2500
704,0.5,Simultaneous,2500
705,0.5,Simultaneous,2500
706,0.5,Simultaneous,2500
707,0.5,Simultaneous,2500
708,0.5,Simultaneous,2500
709,0.5,Simultaneous,2500
710,0.5,Simultaneous,2500
711,0.5,Simultaneous,2500
712,0.5,Simultaneous,2500
713,0.5,Simultaneous,2500
714,0.5,Simultaneous,1228
715,0.5,Simultaneous,1224
716,0.5,Simultaneous,2374
717,0.5,Simultaneous,2500
718,0.5,Simultaneous,2500
719,0.5,Simultaneous,2500
720,0.5,Simultaneous,2500
721,0.5,Simultaneous,2500
722,0.5,Simultaneous,2500
723,0.5,Simultaneous,2500
724,0.5,Simultaneous,2500
725,0.5,Simultaneous,2500
726,0.5,Simultaneous,2500
727,0.5,Simultaneous,2500
728,0.5,Simultaneous,2500
729,0.5,Simultaneous,2500
730,0.5,Simultaneous,2500
731,0.5,Simultaneous,2500
732,0.5,Simultaneous,2500
733,0.5,Simultaneous,2500
734,0.5,Simultaneous,2500
735,0.5,Simultaneous,2500
736,0.5,Simultaneous,2500
737,0.5,Simultaneous,2500
738,0.5,Simultaneous,2500
739,0.5,Simultaneous,2500
740,0.5,Simultaneous,2500
741,0.5,Simultaneous,2500
742,0.5,Simultaneous,2500
743,0.5,Simultaneous,2500
744,0.5,Simultaneous,2500
745,0.5,Simultaneous,2500
746,0.5,Simultaneous,2500
747,0.5,Simultaneous,2500
748,0.5,Simultaneous,2500
749,0.5,Simultaneous,2500
750,0.5,Simultaneous,2500
751,0.5,Simultaneous,2500
752,0.5,Simultaneous,2500
753,0.5,Simultaneous,2500
754,0.5,Simultaneous,2500
755,0.5,Simultaneous,2500
756,0.5,Simultaneous,2500
757,0.5,Simultaneous,2500
758,0.5,Simultaneous,2500
759,0.5,Simultaneous,2500
760,0.5,Simultaneous,2500
761,0.5,Simultaneous,2500
762,0.5,Simultaneous,2500
763,0.5,Simultaneous,2500
764,0.5,Simultaneous,2500
765,0.9,Sequential,1228
766,0.9,Sequential,2500
767,0.9,Sequential,2500
768,0.9,Sequential,2500
769,0.9,Sequential,2500
770,0.9,Sequential,2500
771,0.9,Sequential,2500
772,0.9,Sequential,2500
773,0.9,Sequential,2500
774,0.9,Sequential,2500
775,0.9,Sequential,2500
776,0.9,Sequential,2500
777,0.9,Sequential,2500
778,0.9,Sequential,2500
779,0.9,Sequential,2500
780,0.9,Sequential,2500
781,0.9,Sequential,2500
782,0.9,Sequential,2500
783,0.9,Sequential,2500
784,0.9,Sequential,2500
785,0.9,Sequential,2500
786,0.9,Sequential,2500
787,0.9,Sequential,2500
788,0.9,Sequential,2500
789,0.9,Sequential,2500
790,0.9,Sequential,2500
791,0.9,Sequential,2500
792,0.9,Sequential,2500
793,0.9,Sequential,2500
794,0.9,Sequential,2500
795,0.9,Sequential,2500
796,0.9,Sequential,2500
797,0.9,Sequential,2500
798,0.9,Sequential,2500
799,0.9,Sequential,2500
800,0.9,Sequential,2500
801,0.9,Sequential,2500
802,0.9,Sequential,2500
803,0.9,Sequential,2500
804,0.9,Sequential,2500
805,0.9,Sequential,2500
806,0.9,Sequential,2500
807,0.9,Sequential,2500
808,0.9,Sequential,2500
809,0.9,Sequential,2500
810,0.9,Sequential,2500
811,0.9,Sequential,2500
812,0.9,Sequential,2500
813,0.9,Sequential,2500
814,0.9,Sequential,2500
815,0.9,Sequential,2500
816,0.9,Sequential,1228
817,0.9,Sequential,2500
818,0.9,Sequential,2500
819,0.9,Sequential,2500
820,0.9,Sequential,2500
821,0.9,Sequential,2500
822,0.9,Sequential,2500
823,0.9,Sequential,2500
824,0.9,Sequential,2500
825,0.9,Sequential,2500
826,0.9,Sequential,2500
827,0.9,Sequential,2500
828,0.9,Sequential,2500
829,0.9,Sequential,2500
830,0.9,Sequential,2500
831,0.9,Sequential,2500
832,0.9,Sequential,2500
833,0.9,Sequential,2500
834,0.9,Sequential,2500
835,0.9,Sequential,2500
836,0.9,Sequential,2500
837,0.9,Sequential,2500
838,0.9,Sequential,2500
839,0.9,Sequential,2500
840,0.9,Sequential,2500
841,0.9,Sequential,2500
842,0.9,Sequential,2500
843,0.9,Sequential,2500
844,0.9,Sequential,2500
845,0.9,Sequential,2500
846,0.9,Sequential,2500
847,0.9,Sequential,2500
848,0.9,Sequential,2500
849,0.9,Sequential,2500
850,0.9,Sequential,2500
851,0.9,Sequential,2500
852,0.9,Sequential,2500
853,0.9,Sequential,2500
854,0.9,Sequential,2500
855,0.9,Sequential,2500
856,0.9,Sequential,2500
857,0.9,Sequential,2500
858,0.9,Sequential,2500
859,0.9,Sequential,2500
860,0.9,Sequential,2500
861,0.9,Sequential,2500
862,0.9,Sequential,2500
863,0.9,Sequential,2500
864,0.9,Sequential,2500
865,0.9,Sequential,2500
866,0.9,Sequential,2500
867,0.9,Sequential,1228
868,0.9,Sequential,2500
869,0.9,Sequential,2500
870,0.9,Sequential,2500
871,0.9,Sequential,2500
872,0.9,Sequential,2500
873,0.9,Sequential,2500
874,0.9,Sequential,2500
875,0.9,Sequential,2500
876,0.9,Sequential,2500
877,0.9,Sequential,2500
878,0.9,Sequential,2500
879,0.9,Sequential,2500
880,0.9,Sequential,2500
881,0.9,Sequential,2500
882,0.9,Sequential,2500
883,0.9,Sequential,2500
884,0.9,Sequential,2500
885,0.9,Sequential,2500
886,0.9,Sequential,2500
887,0.9,Sequential,2500
888,0.9,Sequential,2500
889,0.9,Sequential,2500
890,0.9,Sequential,2500
891,0.9,Sequential,2500
892,0.9,Sequential,2500
893,0.9,Sequential,2500
894,0.9,Sequential,2500
895,0.9,Sequential,2500
896,0.9,Sequential,2500
897,0.9,Sequential,2500
898,0.9,Sequential,2500
899,0.9,Sequential,2500
900,0.9,Sequential,2500
901,0.9,Sequential,2500
902,0.9,Sequential,2500
903,0.9,Sequential,2500
904,0.9,Sequential,2500
905,0.9,Sequential,2500
906,0.9,Sequential,2500
907,0.9,Sequential,2500
908,0.9,Sequential,2500
909,0.9,Sequential,2500
910,0.9,Sequential,2500
911,0.9,Sequential,2500
912,0.9,Sequential,2500
913,0.9,Sequential,2500
914,0.9,Sequential,2500
915,0.9,Sequential,2500
916,0.9,Sequential,2500
917,0.9,Sequential,2500
918,0.9,Sequential,1228
919,0.9,Sequential,2500
920,0.9,Sequential,2500
921,0.9,Sequential,2500
922,0.9,Sequential,2500
923,0.9,Sequential,2500
924,0.9,Sequential,2500
925,0.9,Sequential,2500
926,0.9,Sequential,2500
927,0.9,Sequential,2500
928,0.9,Sequential,2500
929,0.9,Sequential,2500
930,0.9,Sequential,2500
931,0.9,Sequential,2500
932,0.9,Sequential,2500
933,0.9,Sequential,2500
934,0.9,Sequential,2500
935,0.9,Sequential,2500
936,0.9,Sequential,2500
937,0.9,Sequential,2500
938,0.9,Sequential,2500
939,0.9,Sequential,2500
940,0.9,Sequential,2500
941,0.9,Sequential,2500
942,0.9,Sequential,2500
943,0.9,Sequential,2500
944,0.9,Sequential,2500
945,0.9,Sequential,2500
946,0.9,Sequential,2500
947,0.9,Sequential,2500
948,0.9,Sequential,2500
949,0.9,Sequential,2500
950,0.9,Sequential,2500
951,0.9,Sequential,2500
952,0.9,Sequential,2500
953,0.9,Sequential,2500
954,0.9,Sequential,2500
955,0.9,Sequential,2500
956,0.9,Sequential,2500
957,0.9,Sequential,2500
958,0.9,Sequential,2500
959,0.9,Sequential,2500
960,0.9,Sequential,2500
961,0.9,Sequential,2500
962,0.9,Sequential,2500
963,0.9,Sequential,2500
964,0.9,Sequential,2500
965,0.9,Sequential,2500
966,0.9,Sequential,2500
967,0.9,Sequential,2500
968,0.9,Sequential,2500
969,0.9,Sequential,1228
970,0.9,Sequential,2500
971,0.9,Sequential,2500
972,0.9,Sequential,2500
973,0.9,Sequential,2500
974,0.9,Sequential,2500
975,0.9,Sequential,2500
976,0.9,Sequential,2500
977,0.9,Sequential,2500
978,0.9,Sequential,2500
979,0.9,Sequential,2500
980,0.9,Sequential,2500
981,0.9,Sequential,2500
982,0.9,Sequential,2500
983,0.9,Sequential,2500
984,0.9,Sequential,2500
985,0.9,Sequential,2500
986,0.9,Sequential,2500
987,0.9,Sequential,2500
988,0.9,Sequential,2500
989,0.9,Sequential,2500
990,0.9,Sequential,2500
991,0.9,Sequential,2500
992,0.9,Sequential,2500
993,0.9,Sequential,2500
994,0.9,Sequential,2500
995,0.9,Sequential,2500
996,0.9,Sequential,2500
997,0.9,Sequential,2500
998,0.9,Sequential,2500
999,0.9,Sequential,2500
1000,0.9,Sequential,2500
1001,0.9,Sequential,2500
1002,0.9,Sequential,2500
1003,0.9,Sequential,2500
1004,0.9,Sequential,2500
1005,0.9,Sequential,2500
1006,0.9,Sequential,2500
1007,0.9,Sequential,2500
1008,0.9,Sequential,2500
1009,0.9,Sequential,2500
1010,0.9,Sequential,2500
1011,0.9,Sequential,2500
1012,0.9,Sequential,2500
1013,0.9,Sequential,2500
1014,0.9,Sequential,2500
1015,0.9,Sequential,2500
1016,0.9,Sequential,2500
1017,0.9,Sequential,2500
1018,0.9,Sequential,2500
1019,0.9,Sequential,2500
1020,0.9,Random,1228
1021,0.9,Random,1755
1022,0.9,Random,2361
1023,0.9,Random,2469
1024,0.9,Random,2498
1025,0.9,Random,2500
1026,0.9,Random,2500
1027,0.9,Random,2500
1028,0.9,Random,2500
1029,0.9,Random,2500
1030,0.9,Random,2500
1031,0.9,Random,2500
1032,0.9,Random,2500
1033,0.9,Random,2500
1034,0.9,Random,2500
1035,0.9,Random,2500
1036,0.9,Random,2500
1037,0.9,Random,2500
1038,0.9,Random,2500
1039,0.9,Random,2500
1040,0.9,Random,2500
1041,0.9,Random,2500
1042,0.9,Random,2500
1043,0.9,Random,2500
1044,0.9,Random,2500
1045,0.9,Random,2500
1046,0.9,Random,2500
1047,0.9,Random,2500
1048,0.9,Random,2500
1049,0.9,Random,2500
1050,0.9,Random,2500
1051,0.9,Random,2500
1052,0.9,Random,2500
1053,0.9,Random,2500
1054,0.9,Random,2500
1055,0.9,Random,2500
1056,0.9,Random,2500
1057,0.9,Random,2500
1058,0.9,Random,2500
1059,0.9,Random,2500
1060,0.9,Random,2500
1061,0.9,Random,2500
1062,0.9,Random,2500
1063,0.9,Random,2500
1064,0.9,Random,2500
1065,0.9,Random,2500
1066,0.9,Random,2500
1067,0.9,Random,2500
1068,0.9,Random,2500
1069,0.9,Random,2500
1070,0.9,Random,2500
1071,0.9,Random,1228
1072,0.9,Random,1755
1073,0.9,Random,2361
1074,0.9,Random,2469
1075,0.9,Random,2498
1076,0.9,Random,2500
1077,0.9,Random,2500
1078,0.9,Random,2500
1079,0.9,Random,2500
1080,0.9,Random,2500
1081,0.9,Random,2500
1082,0.9,Random,2500
1083,0.9,Random,2500
1084,0.9,Random,2500
1085,0.9,Random,2500
1086,0.9,Random,2500
1087,0.9,Random,2500
1088,0.9,Random,2500
1089,0.9,Random,2500
1090,0.9,Random,2500
1091,0.9,Random,2500
1092,0.9,Random,2500
1093,0.9,Random,2500
1094,0.9,Random,2500
1095,0.9,Random,2500
1096,0.9,Random,2500
1097,0.9,Random,2500
1098,0.9,Random,2500
1099,0.9,Random,2500
1100,0.9,Random,2500
1101,0.9,Random,2500
1102,0.9,Random,2500
1103,0.9,Random,2500
1104,0.9,Random,2500
1105,0.9,Random,2500
1106,0.9,Random,2500
1107,0.9,Random,2500
1108,0.9,Random,2500
1109,0.9,Random,2500
1110,0.9,Random,2500
1111,0.9,Random,2500
1112,0.9,Random,2500
1113,0.9,Random,2500
1114,0.9,Random,2500
1115,0.9,Random,2500
1116,0.9,Random,2500
1117,0.9,Random,2500
1118,0.9,Random,2500
1119,0.9,Random,2500
1120,0.9,Random,2500
1121,0.9,Random,2500
1122,0.9,Random,1228
1123,0.9,Random,1755
1124,0.9,Random,2361
1125,0.9,Random,2469
1126,0.9,Random,2498
1127,0.9,Random,2500
1128,0.9,Random,2500
1129,0.9,Random,2500
1130,0.9,Random,2500
1131,0.9,Random,2500
1132,0.9,Random,2500
1133,0.9,Random,2500
1134,0.9,Random,2500
1135,0.9,Random,2500
1136,0.9,Random,2500
1137,0.9,Random,2500
1138,0.9,Random,2500
1139,0.9,Random,2500
1140,0.9,Random,2500
1141,0.9,Random,2500
1142,0.9,Random,2500
1143,0.9,Random,2500
1144,0.9,Random,2500
1145,0.9,Random,2500
1146,0.9,Random,2500
1147,0.9,Random,2500
1148,0.9,Random,2500
1149,0.9,Random,2500
1150,0.9,Random,2500
1151,0.9,Random,2500
1152,0.9,Random,2500
1153,0.9,Random,2500
1154,0.9,Random,2500
1155,0.9,Random,2500
1156,0.9,Random,2500
1157,0.9,Random,2500
1158,0.9,Random,2500
1159,0.9,Random,2500
1160,0.9,Random,2500
1161,0.9,Random,2500
1162,0.9,Random,2500
1163,0.9,Random,2500
1164,0.9,Random,2500
1165,0.9,Random,2500
1166,0.9,Random,2500
1167,0.9,Random,2500
1168,0.9,Random,2500
1169,0.9,Random,2500
1170,0.9,Random,2500
1171,0.9,Random,2500
1172,0.9,Random,2500
1173,0.9,Random,1228
1174,0.9,Random,1755
1175,0.9,Random,2361
1176,0.9,Random,2469
1177,0.9,Random,2498
1178,0.9,Random,2500
1179,0.9,Random,2500
1180,0.9,Random,2500
1181,0.9,Random,2500
1182,0.9,Random,2500
1183,0.9,Random,2500
1184,0.9,Random,2500
1185,0.9,Random,2500
1186,0.9,Random,2500
1187,0.9,Random,2500
1188,0.9,Random,2500
1189,0.9,Random,2500
1190,0.9,Random,2500
1191,0.9,Random,2500
1192,0.9,Random,2500
1193,0.9,Random,2500
1194,0.9,Random,2500
1195,0.9,Random,2500
1196,0.9,Random,2500
1197,0.9,Random,2500
1198,0.9,Random,2500
1199,0.9,Random,2500
1200,0.9,Random,2500
1201,0.9,Random,2500
1202,0.9,Random,2500
1203,0.9,Random,2500
1204,0.9,Random,2500
1205,0.9,Random,2500
1206,0.9,Random,2500
1207,0.9,Random,2500
1208,0.9,Random,2500
1209,0.9,Random,2500
1210,0.9,Random,2500
1211,0.9,Random,2500
1212,0.9,Random,2500
1213,0.9,Random,2500
1214,0.9,Random,2500
1215,0.9,Random,2500
1216,0.9,Random,2500
1217,0.9,Random,2500
1218,0.9,Random,2500
1219,0.9,Random,2500
1220,0.9,Random,2500
1221,0.9,Random,2500
1222,0.9,Random,2500
1223,0.9,Random,2500
1224,0.9,Random,1228
1225,0.9,Random,1755
1226,0.9,Random,2361
1227,0.9,Random,2469
1228,0.9,Random,2498
1229,0.9,Random,2500
1230,0.9,Random,2500
1231,0.9,Random,2500
1232,0.9,Random,2500
1233,0.9,Random,2500
1234,0.9,Random,2500
1235,0.9,Random,2500
1236,0.9,Random,2500
1237,0.9,Random,2500
1238,0.9,Random,2500
1239,0.9,Random,2500
1240,0.9,Random,2500
1241,0.9,Random,2500
1242,0.9,Random,2500
1243,0.9,Random,2500
1244,0.9,Random,2500
1245,0.9,Random,2500
1246,0.9,Random,2500
1247,0.9,Random,2500
1248,0.9,Random,2500
1249,0.9,Random,2500
1250,0.9,Random,2500
1251,0.9,Random,2500
1252,0.9,Random,2500
1253,0.9,Random,2500
1254,0.9,Random,2500
1255,0.9,Random,2500
1256,0.9,Random,2500
1257,0.9,Random,2500
1258,0.9,Random,2500
1259,0.9,Random,2500
1260,0.9,Random,2500
1261,0.9,Random,2500
1262,0.9,Random,2500
1263,0.9,Random,2500
1264,0.9,Random,2500
1265,0.9,Random,2500
1266,0.9,Random,2500
1267,0.9,Random,2500
1268,0.9,Random,2500
1269,0.9,Random,2500
1270,0.9,Random,2500
1271,0.9,Random,2500
1272,0.9,Random,2500
1273,0.9,Random,2500
1274,0.9,Random,2500
1275,0.9,Simultaneous,1228
1276,0.9,Simultaneous,1224
1277,0.9,Simultaneous,1212
1278,0.9,Simultaneous,1879
1279,0.9,Simultaneous,2323
1280,0.9,Simultaneous,2465
1281,0.9,Simultaneous,2491
1282,0.9,Simultaneous,2495
1283,0.9,Simultaneous,2496
1284,0.9,Simultaneous,2497
1285,0.9,Simultaneous,2498
1286,0.9,Simultaneous,2499
1287,0.9,Simultaneous,2499
1288,0.9,Simultaneous,2499
1289,0.9,Simultaneous,2499
1290,0.9,Simultaneous,2499
1291,0.9,Simultaneous,2499
1292,0.9,Simultaneous,2499
1293,0.9,Simultaneous,2499
1294,0.9,Simultaneous,2499
1295,0.9,Simultaneous,2499
1296,0.9,Simultaneous,2499
1297,0.9,Simultaneous,2499
1298,0.9,Simultaneous,2499
1299,0.9,Simultaneous,2499
1300,0.9,Simultaneous,2499
1301,0.9,Simultaneous,2499
1302,0.9,Simultaneous,2499
1303,0.9,Simultaneous,2499
1304,0.9,Simultaneous,2499
1305,0.9,Simultaneous,2499
1306,0.9,Simultaneous,2499
1307,0.9,Simultaneous,2499
1308,0.9,Simultaneous,2499
1309,0.9,Simultaneous,2499
1310,0.9,Simultaneous,2499
1311,0.9,Simultaneous,2499
1312,0.9,Simultaneous,2499
1313,0.9,Simultaneous,2499
1314,0.9,Simultaneous,2499
1315,0.9,Simultaneous,2499
1316,0.9,Simultaneous,2499
1317,0.9,Simultaneous,2499
1318,0.9,Simultaneous,2499
1319,0.9,Simultaneous,2499
1320,0.9,Simultaneous,2499
1321,0.9,Simultaneous,2499
1322,0.9,Simultaneous,2499
1323,0.9,Simultaneous,2499
1324,0.9,Simultaneous,2499
1325,0.9,Simultaneous,2499
1326,0.9,Simultaneous,1228
1327,0.9,Simultaneous,1224
1328,0.9,Simultaneous,1212
1329,0.9,Simultaneous,1879
1330,0.9,Simultaneous,2323
1331,0.9,Simultaneous,2465
1332,0.9,Simultaneous,2491
1333,0.9,Simultaneous,2495
1334,0.9,Simultaneous,2496
1335,0.9,Simultaneous,2497
1336,0.9,Simultaneous,2498
1337,0.9,Simultaneous,2499
1338,0.9,Simultaneous,2499
1339,0.9,Simultaneous,2499
1340,0.9,Simultaneous,2499
1341,0.9,Simultaneous,2499
1342,0.9,Simultaneous,2499
1343,0.9,Simultaneous,2499
1344,0.9,Simultaneous,2499
1345,0.9,Simultaneous,2499
1346,0.9,Simultaneous,2499
1347,0.9,Simultaneous,2499
1348,0.9,Simultaneous,2499
1349,0.9,Simultaneous,2499
1350,0.9,Simultaneous,2499
1351,0.9,Simultaneous,2499
1352,0.9,Simultaneous,2499
1353,0.9,Simultaneous,2499
1354,0.9,Simultaneous,2499
1355,0.9,Simultaneous,2499
1356,0.9,Simultaneous,2499
1357,0.9,Simultaneous,2499
1358,0.9,Simultaneous,2499
1359,0.9,Simultaneous,2499
1360,0.9,Simultaneous,2499
1361,0.9,Simultaneous,2499
1362,0.9,Simultaneous,2499
1363,0.9,Simultaneous,2499
1364,0.9,Simultaneous,2499
1365,0.9,Simultaneous,2499
1366,0.9,Simultaneous,2499
1367,0.9,Simultaneous,2499
1368,0.9,Simultaneous,2499
1369,0.9,Simultaneous,2499
1370,0.9,Simultaneous,2499
1371,0.9,Simultaneous,2499
1372,0.9,Simultaneous,2499
1373,0.9,Simultaneous,2499
1374,0.9,Simultaneous,2499
1375,0.9,Simultaneous,2499
1376,0.9,Simultaneous,2499
1377,0.9,Simultaneous,1228
1378,0.9,Simultaneous,1224
1379,0.9,Simultaneous,1212
1380,0.9,Simultaneous,1879
1381,0.9,Simultaneous,2323
1382,0.9,Simultaneous,2465
1383,0.9,Simultaneous,2491
1384,0.9,Simultaneous,2495
1385,0.9,Simultaneous,2496
1386,0.9,Simultaneous,2497
1387,0.9,Simultaneous,2498
1388,0.9,Simultaneous,2499
1389,0.9,Simultaneous,2499
1390,0.9,Simultaneous,2499
1391,0.9,Simultaneous,2499
1392,0.9,Simultaneous,2499
1393,0.9,Simultaneous,2499
1394,0.9,Simultaneous,2499
1395,0.9,Simultaneous,2499
1396,0.9,Simultaneous,2499
1397,0.9,Simultaneous,2499
1398,0.9,Simultaneous,2499
1399,0.9,Simultaneous,2499
1400,0.9,Simultaneous,2499
1401,0.9,Simultaneous,2499
1402,0.9,Simultaneous,2499
1403,0.9,Simultaneous,2499
1404,0.9,Simultaneous,2499
1405,0.9,Simultaneous,2499
1406,0.9,Simultaneous,2499
1407,0.9,Simultaneous,2499
1408,0.9,Simultaneous,2499
1409,0.9,Simultaneous,2499
1410,0.9,Simultaneous,2499
1411,0.9,Simultaneous,2499
1412,0.9,Simultaneous,2499
1413,0.9,Simultaneous,2499
1414,0.9,Simultaneous,2499
1415,0.9,Simultaneous,2499
1416,0.9,Simultaneous,2499
1417,0.9,Simultaneous,2499
1418,0.9,Simultaneous,2499
1419,0.9,Simultaneous,2499
1420,0.9,Simultaneous,2499
1421,0.9,Simultaneous,2499
1422,0.9,Simultaneous,2499
1423,0.9,Simultaneous,2499
1424,0.9,Simultaneous,2499
1425,0.9,Simultaneous,2499
1426,0.9,Simultaneous,2499
1427,0.9,Simultaneous,2499
1428,0.9,Simultaneous,1228
1429,0.9,Simultaneous,1224
1430,0.9,Simultaneous,1212
1431,0.9,Simultaneous,1879
1432,0.9,Simultaneous,2323
1433,0.9,Simultaneous,2465
1434,0.9,Simultaneous,2491
1435,0.9,Simultaneous,2495
1436,0.9,Simultaneous,2496
1437,0.9,Simultaneous,2497
1438,0.9,Simultaneous,2498
1439,0.9,Simultaneous,2499
1440,0.9,Simultaneous,2499
1441,0.9,Simultaneous,2499
1442,0.9,Simultaneous,2499
1443,0.9,Simultaneous,2499
1444,0.9,Simultaneous,2499
1445,0.9,Simultaneous,2499
1446,0.9,Simultaneous,2499
1447,0.9,Simultaneous,2499
1448,0.9,Simultaneous,2499
1449,0.9,Simultaneous,2499
1450,0.9,Simultaneous,2499
1451,0.9,Simultaneous,2499
1452,0.9,Simultaneous,2499
1453,0.9,Simultaneous,2499
1454,0.9,Simultaneous,2499
1455,0.9,Simultaneous,2499
1456,0.9,Simultaneous,2499
1457,0.9,Simultaneous,2499
1458,0.9,Simultaneous,2499
1459,0.9,Simultaneous,2499
1460,0.9,Simultaneous,2499
1461,0.9,Simultaneous,2499
1462,0.9,Simultaneous,2499
1463,0.9,Simultaneous,2499
1464,0.9,Simultaneous,2499
1465,0.9,Simultaneous,2499
1466,0.9,Simultaneous,2499
1467,0.9,Simultaneous,2499
1468,0.9,Simultaneous,2499
1469,0.9,Simultaneous,2499
1470,0.9,Simultaneous,2499
1471,0.9,Simultaneous,2499
1472,0.9,Simultaneous,2499
1473,0.9,Simultaneous,2499
1474,0.9,Simultaneous,2499
1475,0.9,Simultaneous,2499
1476,0.9,Simultaneous,2499
1477,0.9,Simultaneous,2499
1478,0.9,Simultaneous,2499
1479,0.9,Simultaneous,1228
1480,0.9,Simultaneous,1224
1481,0.9,Simultaneous,1212
1482,0.9,Simultaneous,1879
1483,0.9,Simultaneous,2323
1484,0.9,Simultaneous,2465
1485,0.9,Simultaneous,2491
1486,0.9,Simultaneous,2495
1487,0.9,Simultaneous,2496
1488,0.9,Simultaneous,2497
1489,0.9,Simultaneous,2498
1490,0.9,Simultaneous,2499
1491,0.9,Simultaneous,2499
1492,0.9,Simultaneous,2499
1493,0.9,Simultaneous,2499
1494,0.9,Simultaneous,2499
1495,0.9,Simultaneous,2499
1496,0.9,Simultaneous,2499
1497,0.9,Simultaneous,2499
1498,0.9,Simultaneous,2499
1499,0.9,Simultaneous,2499
1500,0.9,Simultaneous,2499
1501,0.9,Simultaneous,2499
1502,0.9,Simultaneous,2499
1503,0.9,Simultaneous,2499
1504,0.9,Simultaneous,2499
1505,0.9,Simultaneous,2499
1506,0.9,Simultaneous,2499
1507,0.9,Simultaneous,2499
1508,0.9,Simultaneous,2499
1509,0.9,Simultaneous,2499
1510,0.9,Simultaneous,2499
1511,0.9,Simultaneous,2499
1512,0.9,Simultaneous,2499
1513,0.9,Simultaneous,2499
1514,0.9,Simultaneous,2499
1515,0.9,Simultaneous,2499
1516,0.9,Simultaneous,2499
1517,0.9,Simultaneous,2499
1518,0.9,Simultaneous,2499
1519,0.9,Simultaneous,2499
1520,0.9,Simultaneous,2499
1521,0.9,Simultaneous,2499
1522,0.9,Simultaneous,2499
1523,0.9,Simultaneous,2499
1524,0.9,Simultaneous,2499
1525,0.9,Simultaneous,2499
1526,0.9,Simultaneous,2499
1527,0.9,Simultaneous,2499
1528,0.9,Simultaneous,2499
1529,0.9,Simultaneous,2499
1530,1.0,Sequential,1228
1531,1.0,Sequential,2500
1532,1.0,Sequential,2500
1533,1.0,Sequential,2500
1534,1.0,Sequential,2500
1535,1.0,Sequential,2500
1536,1.0,Sequential,2500
1537,1.0,Sequential,2500
1538,1.0,Sequential,2500
1539,1.0,Sequential,2500
1540,1.0,Sequential,2500
1541,1.0,Sequential,2500
1542,1.0,Sequential,2500
1543,1.0,Sequential,2500
1544,1.0,Sequential,2500
1545,1.0,Sequential,2500
1546,1.0,Sequential,2500
1547,1.0,Sequential,2500
1548,1.0,Sequential,2500
1549,1.0,Sequential,2500
1550,1.0,Sequential,2500
1551,1.0,Sequential,2500
1552,1.0,Sequential,2500
1553,1.0,Sequential,2500
1554,1.0,Sequential,2500
1555,1.0,Sequential,2500
1556,1.0,Sequential,2500
1557,1.0,Sequential,2500
1558,1.0,Sequential,2500
1559,1.0,Sequential,2500
1560,1.0,Sequential,2500
1561,1.0,Sequential,2500
1562,1.0,Sequential,2500
1563,1.0,Sequential,2500
1564,1.0,Sequential,2500
1565,1.0,Sequential,2500
1566,1.0,Sequential,2500
1567,1.0,Sequential,2500
1568,1.0,Sequential,2500
1569,1.0,Sequential,2500
1570,1.0,Sequential,2500
1571,1.0,Sequential,2500
1572,1.0,Sequential,2500
1573,1.0,Sequential,2500
1574,1.0,Sequential,2500
1575,1.0,Sequential,2500
1576,1.0,Sequential,2500
1577,1.0,Sequential,2500
1578,1.0,Sequential,2500
1579,1.0,Sequential,2500
1580,1.0,Sequential,2500
1581,1.0,Sequential,1228
1582,1.0,Sequential,2500
1583,1.0,Sequential,2500
1584,1.0,Sequential,2500
1585,1.0,Sequential,2500
1586,1.0,Sequential,2500
1587,1.0,Sequential,2500
1588,1.0,Sequential,2500
1589,1.0,Sequential,2500
1590,1.0,Sequential,2500
1591,1.0,Sequential,2500
1592,1.0,Sequential,2500
1593,1.0,Sequential,2500
1594,1.0,Sequential,2500
1595,1.0,Sequential,2500
1596,1.0,Sequential,2500
1597,1.0,Sequential,2500
1598,1.0,Sequential,2500
1599,1.0,Sequential,2500
1600,1.0,Sequential,2500
1601,1.0,Sequential,2500
1602,1.0,Sequential,2500
1603,1.0,Sequential,2500
1604,1.0,Sequential,2500
1605,1.0,Sequential,2500
1606,1.0,Sequential,2500
1607,1.0,Sequential,2500
1608,1.0,Sequential,2500
1609,1.0,Sequential,2500
1610,1.0,Sequential,2500
1611,1.0,Sequential,2500
1612,1.0,Sequential,2500
1613,1.0,Sequential,2500
1614,1.0,Sequential,2500
1615,1.0,Sequential,2500
1616,1.0,Sequential,2500
1617,1.0,Sequential,2500
1618,1.0,Sequential,2500
1619,1.0,Sequential,2500
1620,1.0,Sequential,2500
1621,1.0,Sequential,2500
1622,1.0,Sequential,2500
1623,1.0,Sequential,2500
1624,1.0,Sequential,2500
1625,1.0,Sequential,2500
1626,1.0,Sequential,2500
1627,1.0,Sequential,2500
1628,1.0,Sequential,2500
1629,1.0,Sequential,2500
1630,1.0,Sequential,2500
1631,1.0,Sequential,2500
1632,1.0,Sequential,1228
1633,1.0,Sequential,2500
1634,1.0,Sequential,2500
1635,1.0,Sequential,2500
1636,1.0,Sequential,2500
1637,1.0,Sequential,2500
1638,1.0,Sequential,2500
1639,1.0,Sequential,2500
1640,1.0,Sequential,2500
1641,1.0,Sequential,2500
1642,1.0,Sequential,2500
1643,1.0,Sequential,2500
1644,1.0,Sequential,2500
1645,1.0,Sequential,2500
1646,1.0,Sequential,2500
1647,1.0,Sequential,2500
1648,1.0,Sequential,2500
1649,1.0,Sequential,2500
1650,1.0,Sequential,2500
1651,1.0,Sequential,2500
1652,1.0,Sequential,2500
1653,1.0,Sequential,2500
1654,1.0,Sequential,2500
1655,1.0,Sequential,2500
1656,1.0,Sequential,2500
1657,1.0,Sequential,2500
1658,1.0,Sequential,2500
1659,1.0,Sequential,2500
1660,1.0,Sequential,2500
1661,1.0,Sequential,2500
1662,1.0,Sequential,2500
1663,1.0,Sequential,2500
1664,1.0,Sequential,2500
1665,1.0,Sequential,2500
1666,1.0,Sequential,2500
1667,1.0,Sequential,2500
1668,1.0,Sequential,2500
1669,1.0,Sequential,2500
1670,1.0,Sequential,2500
1671,1.0,Sequential,2500
1672,1.0,Sequential,2500
1673,1.0,Sequential,2500
1674,1.0,Sequential,2500
1675,1.0,Sequential,2500
1676,1.0,Sequential,2500
1677,1.0,Sequential,2500
1678,1.0,Sequential,2500
1679,1.0,Sequential,2500
1680,1.0,Sequential,2500
1681,1.0,Sequential,2500
1682,1.0,Sequential,2500
1683,1.0,Sequential,1228
1684,1.0,Sequential,2500
1685,1.0,Sequential,2500
1686,1.0,Sequential,2500
1687,1.0,Sequential,2500
1688,1.0,Sequential,2500
1689,1.0,Sequential,2500
1690,1.0,Sequential,2500
1691,1.0,Sequential,2500
1692,1.0,Sequential,2500
1693,1.0,Sequential,2500
1694,1.0,Sequential,2500
1695,1.0,Sequential,2500
1696,1.0,Sequential,2500
1697,1.0,Sequential,2500
1698,1.0,Sequential,2500
1699,1.0,Sequential,2500
1700,1.0,Sequential,2500
1701,1.0,Sequential,2500
1702,1.0,Sequential,2500
1703,1.0,Sequential,2500
1704,1.0,Sequential,2500
1705,1.0,Sequential,2500
1706,1.0,Sequential,2500
1707,1.0,Sequential,2500
1708,1.0,Sequential,2500
1709,1.0,Sequential,2500
1710,1.0,Sequential,2500
1711,1.0,Sequential,2500
1712,1.0,Sequential,2500
1713,1.0,Sequential,2500
1714,1.0,Sequential,2500
1715,1.0,Sequential,2500
1716,1.0,Sequential,2500
1717,1.0,Sequential,2500
1718,1.0,Sequential,2500
1719,1.0,Sequential,2500
1720,1.0,Sequential,2500
1721,1.0,Sequential,2500
1722,1.0,Sequential,2500
1723,1.0,Sequential,2500
1724,1.0,Sequential,2500
1725,1.0,Sequential,2500
1726,1.0,Sequential,2500
1727,1.0,Sequential,2500
1728,1.0,Sequential,2500
1729,1.0,Sequential,2500
1730,1.0,Sequential,2500
1731,1.0,Sequential,2500
1732,1.0,Sequential,2500
1733,1.0,Sequential,2500
1734,1.0,Sequential,1228
1735,1.0,Sequential,2500
1736,1.0,Sequential,2500
1737,1.0,Sequential,2500
1738,1.0,Sequential,2500
1739,1.0,Sequential,2500
1740,1.0,Sequential,2500
1741,1.0,Sequential,2500
1742,1.0,Sequential,2500
1743,1.0,Sequential,2500
1744,1.0,Sequential,2500
1745,1.0,Sequential,2500
1746,1.0,Sequential,2500
1747,1.0,Sequential,2500
1748,1.0,Sequential,2500
1749,1.0,Sequential,2500
1750,1.0,Sequential,2500
1751,1.0,Sequential,2500
1752,1.0,Sequential,2500
1753,1.0,Sequential,2500
1754,1.0,Sequential,2500
1755,1.0,Sequential,2500
1756,1.0,Sequential,2500
1757,1.0,Sequential,2500
1758,1.0,Sequential,2500
1759,1.0,Sequential,2500
1760,1.0,Sequential,2500
1761,1.0,Sequential,2500
1762,1.0,Sequential,2500
1763,1.0,Sequential,2500
1764,1.0,Sequential,2500
1765,1.0,Sequential,2500
1766,1.0,Sequential,2500
1767,1.0,Sequential,2500
1768,1.0,Sequential,2500
1769,1.0,Sequential,2500
1770,1.0,Sequential,2500
1771,1.0,Sequential,2500
1772,1.0,Sequential,2500
1773,1.0,Sequential,2500
1774,1.0,Sequential,2500
1775,1.0,Sequential,2500
1776,1.0,Sequential,2500
1777,1.0,Sequential,2500
1778,1.0,Sequential,2500
1779,1.0,Sequential,2500
1780,1.0,Sequential,2500
1781,1.0,Sequential,2500
1782,1.0,Sequential,2500
1783,1.0,Sequential,2500
1784,1.0,Sequential,2500
1785,1.0,Random,1228
1786,1.0,Random,1623
1787,1.0,Random,2285
1788,1.0,Random,2455
1789,1.0,Random,2496
1790,1.0,Random,2500
1791,1.0,Random,2500
1792,1.0,Random,2500
1793,1.0,Random,2500
1794,1.0,Random,2500
1795,1.0,Random,2500
1796,1.0,Random,2500
1797,1.0,Random,2500
1798,1.0,Random,2500
1799,1.0,Random,2500
1800,1.0,Random,2500
1801,1.0,Random,2500
1802,1.0,Random,2500
1803,1.0,Random,2500
1804,1.0,Random,2500
1805,1.0,Random,2500
1806,1.0,Random,2500
1807,1.0,Random,2500
1808,1.0,Random,2500
1809,1.0,Random,2500
1810,1.0,Random,2500
1811,1.0,Random,2500
1812,1.0,Random,2500
1813,1.0,Random,2500
1814,1.0,Random,2500
1815,1.0,Random,2500
1816,1.0,Random,2500
1817,1.0,Random,2500
1818,1.0,Random,2500
1819,1.0,Random,2500
1820,1.0,Random,2500
1821,1.0,Random,2500
1822,1.0,Random,2500
1823,1.0,Random,2500
1824,1.0,Random,2500
1825,1.0,Random,2500
1826,1.0,Random,2500
1827,1.0,Random,2500
1828,1.0,Random,2500
1829,1.0,Random,2500
1830,1.0,Random,2500
1831,1.0,Random,2500
1832,1.0,Random,2500
1833,1.0,Random,2500
1834,1.0,Random,2500
1835,1.0,Random,2500
1836,1.0,Random,1228
1837,1.0,Random,1623
1838,1.0,Random,2285
1839,1.0,Random,2455
1840,1.0,Random,2496
1841,1.0,Random,2500
1842,1.0,Random,2500
1843,1.0,Random,2500
1844,1.0,Random,2500
1845,1.0,Random,2500
1846,1.0,Random,2500
1847,1.0,Random,2500
1848,1.0,Random,2500
1849,1.0,Random,2500
1850,1.0,Random,2500
1851,1.0,Random,2500
1852,1.0,Random,2500
1853,1.0,Random,2500
1854,1.0,Random,2500
1855,1.0,Random,2500
1856,1.0,Random,2500
1857,1.0,Random,2500
1858,1.0,Random,2500
1859,1.0,Random,2500
1860,1.0,Random,2500
1861,1.0,Random,2500
1862,1.0,Random,2500
1863,1.0,Random,2500
1864,1.0,Random,2500
1865,1.0,Random,2500
1866,1.0,Random,2500
1867,1.0,Random,2500
1868,1.0,Random,2500
1869,1.0,Random,2500
1870,1.0,Random,2500
1871,1.0,Random,2500
1872,1.0,Random,2500
1873,1.0,Random,2500
1874,1.0,Random,2500
1875,1.0,Random,2500
1876,1.0,Random,2500
1877,1.0,Random,2500
1878,1.0,Random,2500
1879,1.0,Random,2500
1880,1.0,Random,2500
1881,1.0,Random,2500
1882,1.0,Random,2500
1883,1.0,Random,2500
1884,1.0,Random,2500
1885,1.0,Random,2500
1886,1.0,Random,2500
1887,1.0,Random,1228
1888,1.0,Random,1623
1889,1.0,Random,2285
1890,1.0,Random,2455
1891,1.0,Random,2496
1892,1.0,Random,2500
1893,1.0,Random,2500
1894,1.0,Random,2500
1895,1.0,Random,2500
1896,1.0,Random,2500
1897,1.0,Random,2500
1898,1.0,Random,2500
1899,1.0,Random,2500
1900,1.0,Random,2500
1901,1.0,Random,2500
1902,1.0,Random,2500
1903,1.0,Random,2500
1904,1.0,Random,2500
1905,1.0,Random,2500
1906,1.0,Random,2500
1907,1.0,Random,2500
1908,1.0,Random,2500
1909,1.0,Random,2500
1910,1.0,Random,2500
1911,1.0,Random,2500
1912,1.0,Random,2500
1913,1.0,Random,2500
1914,1.0,Random,2500
1915,1.0,Random,2500
1916,1.0,Random,2500
1917,1.0,Random,2500
1918,1.0,Random,2500
1919,1.0,Random,2500
1920,1.0,Random,2500
1921,1.0,Random,2500
1922,1.0,Random,2500
1923,1.0,Random,2500
1924,1.0,Random,2500
1925,1.0,Random,2500
1926,1.0,Random,2500
1927,1.0,Random,2500
1928,1.0,Random,2500
1929,1.0,Random,2500
1930,1.0,Random,2500
1931,1.0,Random,2500
1932,1.0,Random,2500
1933,1.0,Random,2500
1934,1.0,Random,2500
1935,1.0,Random,2500
1936,1.0,Random,2500
1937,1.0,Random,2500
1938,1.0,Random,1228
1939,1.0,Random,1623
1940,1.0,Random,2285
1941,1.0,Random,2455
1942,1.0,Random,2496
1943,1.0,Random,2500
1944,1.0,Random,2500
1945,1.0,Random,2500
1946,1.0,Random,2500
1947,1.0,Random,2500
1948,1.0,Random,2500
1949,1.0,Random,2500
1950,1.0,Random,2500
1951,1.0,Random,2500
1952,1.0,Random,2500
1953,1.0,Random,2500
1954,1.0,Random,2500
1955,1.0,Random,2500
1956,1.0,Random,2500
1957,1.0,Random,2500
1958,1.0,Random,2500
1959,1.0,Random,2500
1960,1.0,Random,2500
1961,1.0,Random,2500
1962,1.0,Random,2500
1963,1.0,Random,2500
1964,1.0,Random,2500
1965,1.0,Random,2500
1966,1.0,Random,2500
1967,1.0,Random,2500
1968,1.0,Random,2500
1969,1.0,Random,2500
1970,1.0,Random,2500
1971,1.0,Random,2500
1972,1.0,Random,2500
1973,1.0,Random,2500
1974,1.0,Random,2500
1975,1.0,Random,2500
1976,1.0,Random,2500
1977,1.0,Random,2500
1978,1.0,Random,2500
1979,1.0,Random,2500
1980,1.0,Random,2500
1981,1.0,Random,2500
1982,1.0,Random,2500
1983,1.0,Random,2500
1984,1.0,Random,2500
1985,1.0,Random,2500
1986,1.0,Random,2500
1987,1.0,Random,2500
1988,1.0,Random,2500
1989,1.0,Random,1228
1990,1.0,Random,1623
1991,1.0,Random,2285
1992,1.0,Random,2455
1993,1.0,Random,2496
1994,1.0,Random,2500
1995,1.0,Random,2500
1996,1.0,Random,2500
1997,1.0,Random,2500
1998,1.0,Random,2500
1999,1.0,Random,2500
2000,1.0,Random,2500
2001,1.0,Random,2500
2002,1.0,Random,2500
2003,1.0,Random,2500
2004,1.0,Random,2500
2005,1.0,Random,2500
2006,1.0,Random,2500
2007,1.0,Random,2500
2008,1.0,Random,2500
2009,1.0,Random,2500
2010,1.0,Random,2500
2011,1.0,Random,2500
2012,1.0,Random,2500
2013,1.0,Random,2500
2014,1.0,Random,2500
2015,1.0,Random,2500
2016,1.0,Random,2500
2017,1.0,Random,2500
2018,1.0,Random,2500
2019,1.0,Random,2500
2020,1.0,Random,2500
2021,1.0,Random,2500
2022,1.0,Random,2500
2023,1.0,Random,2500
2024,1.0,Random,2500
2025,1.0,Random,2500
2026,1.0,Random,2500
2027,1.0,Random,2500
2028,1.0,Random,2500
2029,1.0,Random,2500
2030,1.0,Random,2500
2031,1.0,Random,2500
2032,1.0,Random,2500
2033,1.0,Random,2500
2034,1.0,Random,2500
2035,1.0,Random,2500
2036,1.0,Random,2500
2037,1.0,Random,2500
2038,1.0,Random,2500
2039,1.0,Random,2500
2040,1.0,Simultaneous,1228
2041,1.0,Simultaneous,1224
2042,1.0,Simultaneous,861
2043,1.0,Simultaneous,1375
2044,1.0,Simultaneous,1916
2045,1.0,Simultaneous,2260
2046,1.0,Simultaneous,2419
2047,1.0,Simultaneous,2476
2048,1.0,Simultaneous,2490
2049,1.0,Simultaneous,2491
2050,1.0,Simultaneous,2491
2051,1.0,Simultaneous,2491
2052,1.0,Simultaneous,2491
2053,1.0,Simultaneous,2491
2054,1.0,Simultaneous,2491
2055,1.0,Simultaneous,2491
2056,1.0,Simultaneous,2491
2057,1.0,Simultaneous,2491
2058,1.0,Simultaneous,2491
2059,1.0,Simultaneous,2491
2060,1.0,Simultaneous,2492
2061,1.0,Simultaneous,2492
2062,1.0,Simultaneous,2492
2063,1.0,Simultaneous,2492
2064,1.0,Simultaneous,2492
2065,1.0,Simultaneous,2492
2066,1.0,Simultaneous,2492
2067,1.0,Simultaneous,2492
2068,1.0,Simultaneous,2492
2069,1.0,Simultaneous,2492
2070,1.0,Simultaneous,2492
2071,1.0,Simultaneous,2492
2072,1.0,Simultaneous,2492
2073,1.0,Simultaneous,2492
2074,1.0,Simultaneous,2492
2075,1.0,Simultaneous,2492
2076,1.0,Simultaneous,2492
2077,1.0,Simultaneous,2492
2078,1.0,Simultaneous,2492
2079,1.0,Simultaneous,2492
2080,1.0,Simultaneous,2492
2081,1.0,Simultaneous,2492
2082,1.0,Simultaneous,2492
2083,1.0,Simultaneous,2492
2084,1.0,Simultaneous,2492
2085,1.0,Simultaneous,2492
2086,1.0,Simultaneous,2492
2087,1.0,Simultaneous,2492
2088,1.0,Simultaneous,2492
2089,1.0,Simultaneous,2492
2090,1.0,Simultaneous,2492
2091,1.0,Simultaneous,1228
2092,1.0,Simultaneous,1224
2093,1.0,Simultaneous,861
2094,1.0,Simultaneous,1375
2095,1.0,Simultaneous,1916
2096,1.0,Simultaneous,2260
2097,1.0,Simultaneous,2419
2098,1.0,Simultaneous,2476
2099,1.0,Simultaneous,2490
2100,1.0,Simultaneous,2491
2101,1.0,Simultaneous,2491
2102,1.0,Simultaneous,2491
2103,1.0,Simultaneous,2491
2104,1.0,Simultaneous,2491
2105,1.0,Simultaneous,2491
2106,1.0,Simultaneous,2491
2107,1.0,Simultaneous,2491
2108,1.0,Simultaneous,2491
2109,1.0,Simultaneous,2491
2110,1.0,Simultaneous,2491
2111,1.0,Simultaneous,2492
2112,1.0,Simultaneous,2492
2113,1.0,Simultaneous,2492
2114,1.0,Simultaneous,2492
2115,1.0,Simultaneous,2492
2116,1.0,Simultaneous,2492
2117,1.0,Simultaneous,2492
2118,1.0,Simultaneous,2492
2119,1.0,Simultaneous,2492
2120,1.0,Simultaneous,2492
2121,1.0,Simultaneous,2492
2122,1.0,Simultaneous,2492
2123,1.0,Simultaneous,2492
2124,1.0,Simultaneous,2492
2125,1.0,Simultaneous,2492
2126,1.0,Simultaneous,2492
2127,1.0,Simultaneous,2492
2128,1.0,Simultaneous,2492
2129,1.0,Simultaneous,2492
2130,1.0,Simultaneous,2492
2131,1.0,Simultaneous,2492
2132,1.0,Simultaneous,2492
2133,1.0,Simultaneous,2492
2134,1.0,Simultaneous,2492
2135,1.0,Simultaneous,2492
2136,1.0,Simultaneous,2492
2137,1.0,Simultaneous,2492
2138,1.0,Simultaneous,2492
2139,1.0,Simultaneous,2492
2140,1.0,Simultaneous,2492
2141,1.0,Simultaneous,2492
2142,1.0,Simultaneous,1228
2143,1.0,Simultaneous,1224
2144,1.0,Simultaneous,861
2145,1.0,Simultaneous,1375
2146,1.0,Simultaneous,1916
2147,1.0,Simultaneous,2260
2148,1.0,Simultaneous,2419
2149,1.0,Simultaneous,2476
2150,1.0,Simultaneous,2490
2151,1.0,Simultaneous,2491
2152,1.0,Simultaneous,2491
2153,1.0,Simultaneous,2491
2154,1.0,Simultaneous,2491
2155,1.0,Simultaneous,2491
2156,1.0,Simultaneous,2491
2157,1.0,Simultaneous,2491
2158,1.0,Simultaneous,2491
2159,1.0,Simultaneous,2491
2160,1.0,Simultaneous,2491
2161,1.0,Simultaneous,2491
2162,1.0,Simultaneous,2492
2163,1.0,Simultaneous,2492
2164,1.0,Simultaneous,2492
2165,1.0,Simultaneous,2492
2166,1.0,Simultaneous,2492
2167,1.0,Simultaneous,2492
2168,1.0,Simultaneous,2492
2169,1.0,Simultaneous,2492
2170,1.0,Simultaneous,2492
2171,1.0,Simultaneous,2492
2172,1.0,Simultaneous,2492
2173,1.0,Simultaneous,2492
2174,1.0,Simultaneous,2492
2175,1.0,Simultaneous,2492
2176,1.0,Simultaneous,2492
2177,1.0,Simultaneous,2492
2178,1.0,Simultaneous,2492
2179,1.0,Simultaneous,2492
2180,1.0,Simultaneous,2492
2181,1.0,Simultaneous,2492
2182,1.0,Simultaneous,2492
2183,1.0,Simultaneous,2492
2184,1.0,Simultaneous,2492
2185,1.0,Simultaneous,2492
2186,1.0,Simultaneous,2492
2187,1.0,Simultaneous,2492
2188,1.0,Simultaneous,2492
2189,1.0,Simultaneous,2492
2190,1.0,Simultaneous,2492
2191,1.0,Simultaneous,2492
2192,1.0,Simultaneous,2492
2193,1.0,Simultaneous,1228
2194,1.0,Simultaneous,1224
2195,1.0,Simultaneous,861
2196,1.0,Simultaneous,1375
2197,1.0,Simultaneous,1916
2198,1.0,Simultaneous,2260
2199,1.0,Simultaneous,2419
2200,1.0,Simultaneous,2476
2201,1.0,Simultaneous,2490
2202,1.0,Simultaneous,2491
2203,1.0,Simultaneous,2491
2204,1.0,Simultaneous,2491
2205,1.0,Simultaneous,2491
2206,1.0,Simultaneous,2491
2207,1.0,Simultaneous,2491
2208,1.0,Simultaneous,2491
2209,1.0,Simultaneous,2491
2210,1.0,Simultaneous,2491
2211,1.0,Simultaneous,2491
2212,1.0,Simultaneous,2491
2213,1.0,Simultaneous,2492
2214,1.0,Simultaneous,2492
2215,1.0,Simultaneous,2492
2216,1.0,Simultaneous,2492
2217,1.0,Simultaneous,2492
2218,1.0,Simultaneous,2492
2219,1.0,Simultaneous,2492
2220,1.0,Simultaneous,2492
2221,1.0,Simultaneous,2492
2222,1.0,Simultaneous,2492
2223,1.0,Simultaneous,2492
2224,1.0,Simultaneous,2492
2225,1.0,Simultaneous,2492
2226,1.0,Simultaneous,2492
2227,1.0,Simultaneous,2492
2228,1.0,Simultaneous,2492
2229,1.0,Simultaneous,2492
2230,1.0,Simultaneous,2492
2231,1.0,Simultaneous,2492
2232,1.0,Simultaneous,2492
2233,1.0,Simultaneous,2492
2234,1.0,Simultaneous,2492
2235,1.0,Simultaneous,2492
2236,1.0,Simultaneous,2492
2237,1.0,Simultaneous,2492
2238,1.0,Simultaneous,2492
2239,1.0,Simultaneous,2492
2240,1.0,Simultaneous,2492
2241,1.0,Simultaneous,2492
2242,1.0,Simultaneous,2492
2243,1.0,Simultaneous,2492
2244,1.0,Simultaneous,1228
2245,1.0,Simultaneous,1224
2246,1.0,Simultaneous,861
2247,1.0,Simultaneous,1375
2248,1.0,Simultaneous,1916
2249,1.0,Simultaneous,2260
2250,1.0,Simultaneous,2419
2251,1.0,Simultaneous,2476
2252,1.0,Simultaneous,2490
2253,1.0,Simultaneous,2491
2254,1.0,Simultaneous,2491
2255,1.0,Simultaneous,2491
2256,1.0,Simultaneous,2491
2257,1.0,Simultaneous,2491
2258,1.0,Simultaneous,2491
2259,1.0,Simultaneous,2491
2260,1.0,Simultaneous,2491
2261,1.0,Simultaneous,2491
2262,1.0,Simultaneous,2491
2263,1.0,Simultaneous,2491
2264,1.0,Simultaneous,2492
2265,1.0,Simultaneous,2492
2266,1.0,Simultaneous,2492
2267,1.0,Simultaneous,2492
2268,1.0,Simultaneous,2492
2269,1.0,Simultaneous,2492
2270,1.0,Simultaneous,2492
2271,1.0,Simultaneous,2492
2272,1.0,Simultaneous,2492
2273,1.0,Simultaneous,2492
2274,1.0,Simultaneous,2492
2275,1.0,Simultaneous,2492
2276,1.0,Simultaneous,2492
2277,1.0,Simultaneous,2492
2278,1.0,Simultaneous,2492
2279,1.0,Simultaneous,2492
2280,1.0,Simultaneous,2492
2281,1.0,Simultaneous,2492
2282,1.0,Simultaneous,2492
2283,1.0,Simultaneous,2492
2284,1.0,Simultaneous,2492
2285,1.0,Simultaneous,2492
2286,1.0,Simultaneous,2492
2287,1.0,Simultaneous,2492
2288,1.0,Simultaneous,2492
2289,1.0,Simultaneous,2492
2290,1.0,Simultaneous,2492
2291,1.0,Simultaneous,2492
2292,1.0,Simultaneous,2492
2293,1.0,Simultaneous,2492
2294,1.0,Simultaneous,2492
2295,1.6,Sequential,1228
2296,1.6,Sequential,2500
2297,1.6,Sequential,2500
2298,1.6,Sequential,2500
2299,1.6,Sequential,2500
2300,1.6,Sequential,2500
2301,1.6,Sequential,2500
2302,1.6,Sequential,2500
2303,1.6,Sequential,2500
2304,1.6,Sequential,2500
2305,1.6,Sequential,2500
2306,1.6,Sequential,2500
2307,1.6,Sequential,2500
2308,1.6,Sequential,2500
2309,1.6,Sequential,2500
2310,1.6,Sequential,2500
2311,1.6,Sequential,2500
2312,1.6,Sequential,2500
2313,1.6,Sequential,2500
2314,1.6,Sequential,2500
2315,1.6,Sequential,2500
2316,1.6,Sequential,2500
2317,1.6,Sequential,2500
2318,1.6,Sequential,2500
2319,1.6,Sequential,2500
2320,1.6,Sequential,2500
2321,1.6,Sequential,2500
2322,1.6,Sequential,2500
2323,1.6,Sequential,2500
2324,1.6,Sequential,2500
2325,1.6,Sequential,2500
2326,1.6,Sequential,2500
2327,1.6,Sequential,2500
2328,1.6,Sequential,2500
2329,1.6,Sequential,2500
2330,1.6,Sequential,2500
2331,1.6,Sequential,2500
2332,1.6,Sequential,2500
2333,1.6,Sequential,2500
2334,1.6,Sequential,2500
2335,1.6,Sequential,2500
2336,1.6,Sequential,2500
2337,1.6,Sequential,2500
2338,1.6,Sequential,2500
2339,1.6,Sequential,2500
2340,1.6,Sequential,2500
2341,1.6,Sequential,2500
2342,1.6,Sequential,2500
2343,1.6,Sequential,2500
2344,1.6,Sequential,2500
2345,1.6,Sequential,2500
2346,1.6,Sequential,1228
2347,1.6,Sequential,2500
2348,1.6,Sequential,2500
2349,1.6,Sequential,2500
2350,1.6,Sequential,2500
2351,1.6,Sequential,2500
2352,1.6,Sequential,2500
2353,1.6,Sequential,2500
2354,1.6,Sequential,2500
2355,1.6,Sequential,2500
2356,1.6,Sequential,2500
2357,1.6,Sequential,2500
2358,1.6,Sequential,2500
2359,1.6,Sequential,2500
2360,1.6,Sequential,2500
2361,1.6,Sequential,2500
2362,1.6,Sequential,2500
2363,1.6,Sequential,2500
2364,1.6,Sequential,2500
2365,1.6,Sequential,2500
2366,1.6,Sequential,2500
2367,1.6,Sequential,2500
2368,1.6,Sequential,2500
2369,1.6,Sequential,2500
2370,1.6,Sequential,2500
2371,1.6,Sequential,2500
2372,1.6,Sequential,2500
2373,1.6,Sequential,2500
2374,1.6,Sequential,2500
2375,1.6,Sequential,2500
2376,1.6,Sequential,2500
2377,1.6,Sequential,2500
2378,1.6,Sequential,2500
2379,1.6,Sequential,2500
2380,1.6,Sequential,2500
2381,1.6,Sequential,2500
2382,1.6,Sequential,2500
2383,1.6,Sequential,2500
2384,1.6,Sequential,2500
2385,1.6,Sequential,2500
2386,1.6,Sequential,2500
2387,1.6,Sequential,2500
2388,1.6,Sequential,2500
2389,1.6,Sequential,2500
2390,1.6,Sequential,2500
2391,1.6,Sequential,2500
2392,1.6,Sequential,2500
2393,1.6,Sequential,2500
2394,1.6,Sequential,2500
2395,1.6,Sequential,2500
2396,1.6,Sequential,2500
2397,1.6,Sequential,1228
2398,1.6,Sequential,2500
2399,1.6,Sequential,2500
2400,1.6,Sequential,2500
2401,1.6,Sequential,2500
2402,1.6,Sequential,2500
2403,1.6,Sequential,2500
2404,1.6,Sequential,2500
2405,1.6,Sequential,2500
2406,1.6,Sequential,2500
2407,1.6,Sequential,2500
2408,1.6,Sequential,2500
2409,1.6,Sequential,2500
2410,1.6,Sequential,2500
2411,1.6,Sequential,2500
2412,1.6,Sequential,2500
2413,1.6,Sequential,2500
2414,1.6,Sequential,2500
2415,1.6,Sequential,2500
2416,1.6,Sequential,2500
2417,1.6,Sequential,2500
2418,1.6,Sequential,2500
2419,1.6,Sequential,2500
2420,1.6,Sequential,2500
2421,1.6,Sequential,2500
2422,1.6,Sequential,2500
2423,1.6,Sequential,2500
2424,1.6,Sequential,2500
2425,1.6,Sequential,2500
2426,1.6,Sequential,2500
2427,1.6,Sequential,2500
2428,1.6,Sequential,2500
2429,1.6,Sequential,2500
2430,1.6,Sequential,2500
2431,1.6,Sequential,2500
2432,1.6,Sequential,2500
2433,1.6,Sequential,2500
2434,1.6,Sequential,2500
2435,1.6,Sequential,2500
2436,1.6,Sequential,2500
2437,1.6,Sequential,2500
2438,1.6,Sequential,2500
2439,1.6,Sequential,2500
2440,1.6,Sequential,2500
2441,1.6,Sequential,2500
2442,1.6,Sequential,2500
2443,1.6,Sequential,2500
2444,1.6,Sequential,2500
2445,1.6,Sequential,2500
2446,1.6,Sequential,2500
2447,1.6,Sequential,2500
2448,1.6,Sequential,1228
2449,1.6,Sequential,2500
2450,1.6,Sequential,2500
2451,1.6,Sequential,2500
2452,1.6,Sequential,2500
2453,1.6,Sequential,2500
2454,1.6,Sequential,2500
2455,1.6,Sequential,2500
2456,1.6,Sequential,2500
2457,1.6,Sequential,2500
2458,1.6,Sequential,2500
2459,1.6,Sequential,2500
2460,1.6,Sequential,2500
2461,1.6,Sequential,2500
2462,1.6,Sequential,2500
2463,1.6,Sequential,2500
2464,1.6,Sequential,2500
2465,1.6,Sequential,2500
2466,1.6,Sequential,2500
2467,1.6,Sequential,2500
2468,1.6,Sequential,2500
2469,1.6,Sequential,2500
2470,1.6,Sequential,2500
2471,1.6,Sequential,2500
2472,1.6,Sequential,2500
2473,1.6,Sequential,2500
2474,1.6,Sequential,2500
2475,1.6,Sequential,2500
2476,1.6,Sequential,2500
2477,1.6,Sequential,2500
2478,1.6,Sequential,2500
2479,1.6,Sequential,2500
2480,1.6,Sequential,2500
2481,1.6,Sequential,2500
2482,1.6,Sequential,2500
2483,1.6,Sequential,2500
2484,1.6,Sequential,2500
2485,1.6,Sequential,2500
2486,1.6,Sequential,2500
2487,1.6,Sequential,2500
2488,1.6,Sequential,2500
2489,1.6,Sequential,2500
2490,1.6,Sequential,2500
2491,1.6,Sequential,2500
2492,1.6,Sequential,2500
2493,1.6,Sequential,2500
2494,1.6,Sequential,2500
2495,1.6,Sequential,2500
2496,1.6,Sequential,2500
2497,1.6,Sequential,2500
2498,1.6,Sequential,2500
2499,1.6,Sequential,1228
2500,1.6,Sequential,2500
2501,1.6,Sequential,2500
2502,1.6,Sequential,2500
2503,1.6,Sequential,2500
2504,1.6,Sequential,2500
2505,1.6,Sequential,2500
2506,1.6,Sequential,2500
2507,1.6,Sequential,2500
2508,1.6,Sequential,2500
2509,1.6,Sequential,2500
2510,1.6,Sequential,2500
2511,1.6,Sequential,2500
2512,1.6,Sequential,2500
2513,1.6,Sequential,2500
2514,1.6,Sequential,2500
2515,1.6,Sequential,2500
2516,1.6,Sequential,2500
2517,1.6,Sequential,2500
2518,1.6,Sequential,2500
2519,1.6,Sequential,2500
2520,1.6,Sequential,2500
2521,1.6,Sequential,2500
2522,1.6,Sequential,2500
2523,1.6,Sequential,2500
2524,1.6,Sequential,2500
2525,1.6,Sequential,2500
2526,1.6,Sequential,2500
2527,1.6,Sequential,2500
2528,1.6,Sequential,2500
2529,1.6,Sequential,2500
2530,1.6,Sequential,2500
2531,1.6,Sequential,2500
2532,1.6,Sequential,2500
2533,1.6,Sequential,2500
2534,1.6,Sequential,2500
2535,1.6,Sequential,2500
2536,1.6,Sequential,2500
2537,1.6,Sequential,2500
2538,1.6,Sequential,2500
2539,1.6,Sequential,2500
2540,1.6,Sequential,2500
2541,1.6,Sequential,2500
2542,1.6,Sequential,2500
2543,1.6,Sequential,2500
2544,1.6,Sequential,2500
2545,1.6,Sequential,2500
2546,1.6,Sequential,2500
2547,1.6,Sequential,2500
2548,1.6,Sequential,2500
2549,1.6,Sequential,2500
2550,1.6,Random,1228
2551,1.6,Random,795
2552,1.6,Random,370
2553,1.6,Random,396
2554,1.6,Random,411
2555,1.6,Random,558
2556,1.6,Random,731
2557,1.6,Random,908
2558,1.6,Random,1169
2559,1.6,Random,1415
2560,1.6,Random,1619
2561,1.6,Random,1761
2562,1.6,Random,1922
2563,1.6,Random,2051
2564,1.6,Random,2178
2565,1.6,Random,2264
2566,1.6,Random,2328
2567,1.6,Random,2363
2568,1.6,Random,2416
2569,1.6,Random,2456
2570,1.6,Random,2454
2571,1.6,Random,2466
2572,1.6,Random,2484
2573,1.6,Random,2487
2574,1.6,Random,2488
2575,1.6,Random,2489
2576,1.6,Random,2487
2577,1.6,Random,2488
2578,1.6,Random,2485
2579,1.6,Random,2486
2580,1.6,Random,2486
2581,1.6,Random,2487
2582,1.6,Random,2491
2583,1.6,Random,2487
2584,1.6,Random,2486
2585,1.6,Random,2486
2586,1.6,Random,2487
2587,1.6,Random,2486
2588,1.6,Random,2485
2589,1.6,Random,2485
2590,1.6,Random,2485
2591,1.6,Random,2486
2592,1.6,Random,2485
2593,1.6,Random,2485
2594,1.6,Random,2484
2595,1.6,Random,2486
2596,1.6,Random,2483
2597,1.6,Random,2485
2598,1.6,Random,2485
2599,1.6,Random,2484
2600,1.6,Random,2485
2601,1.6,Random,1228
2602,1.6,Random,795
2603,1.6,Random,370
2604,1.6,Random,396
2605,1.6,Random,411
2606,1.6,Random,558
2607,1.6,Random,731
2608,1.6,Random,908
2609,1.6,Random,1169
2610,1.6,Random,1415
2611,1.6,Random,1619
2612,1.6,Random,1761
2613,1.6,Random,1922
2614,1.6,Random,2051
2615,1.6,Random,2178
2616,1.6,Random,2264
2617,1.6,Random,2328
2618,1.6,Random,2363
2619,1.6,Random,2416
2620,1.6,Random,2456
2621,1.6,Random,2454
2622,1.6,Random,2466
2623,1.6,Random,2484
2624,1.6,Random,2487
2625,1.6,Random,2488
2626,1.6,Random,2489
2627,1.6,Random,2487
2628,1.6,Random,2488
2629,1.6,Random,2485
2630,1.6,Random,2486
2631,1.6,Random,2486
2632,1.6,Random,2487
2633,1.6,Random,2491
2634,1.6,Random,2487
2635,1.6,Random,2486
2636,1.6,Random,2486
2637,1.6,Random,2487
2638,1.6,Random,2486
2639,1.6,Random,2485
2640,1.6,Random,2485
2641,1.6,Random,2485
2642,1.6,Random,2486
2643,1.6,Random,2485
2644,1.6,Random,2485
2645,1.6,Random,2484
2646,1.6,Random,2486
2647,1.6,Random,2483
2648,1.6,Random,2485
2649,1.6,Random,2485
2650,1.6,Random,2484
2651,1.6,Random,2485
2652,1.6,Random,1228
2653,1.6,Random,795
2654,1.6,Random,370
2655,1.6,Random,396
2656,1.6,Random,411
2657,1.6,Random,558
2658,1.6,Random,731
2659,1.6,Random,908
2660,1.6,Random,1169
2661,1.6,Random,1415
2662,1.6,Random,1619
2663,1.6,Random,1761
2664,1.6,Random,1922
2665,1.6,Random,2051
2666,1.6,Random,2178
2667,1.6,Random,2264
2668,1.6,Random,2328
2669,1.6,Random,2363
2670,1.6,Random,2416
2671,1.6,Random,2456
2672,1.6,Random,2454
2673,1.6,Random,2466
2674,1.6,Random,2484
2675,1.6,Random,2487
2676,1.6,Random,2488
2677,1.6,Random,2489
2678,1.6,Random,2487
2679,1.6,Random,2488
2680,1.6,Random,2485
2681,1.6,Random,2486
2682,1.6,Random,2486
2683,1.6,Random,2487
2684,1.6,Random,2491
2685,1.6,Random,2487
2686,1.6,Random,2486
2687,1.6,Random,2486
2688,1.6,Random,2487
2689,1.6,Random,2486
2690,1.6,Random,2485
2691,1.6,Random,2485
2692,1.6,Random,2485
2693,1.6,Random,2486
2694,1.6,Random,2485
2695,1.6,Random,2485
2696,1.6,Random,2484
2697,1.6,Random,2486
2698,1.6,Random,2483
2699,1.6,Random,2485
2700,1.6,Random,2485
2701,1.6,Random,2484
2702,1.6,Random,2485
2703,1.6,Random,1228
2704,1.6,Random,795
2705,1.6,Random,370
2706,1.6,Random,396
2707,1.6,Random,411
2708,1.6,Random,558
2709,1.6,Random,731
2710,1.6,Random,908
2711,1.6,Random,1169
2712,1.6,Random,1415
2713,1.6,Random,1619
2714,1.6,Random,1761
2715,1.6,Random,1922
2716,1.6,Random,2051
2717,1.6,Random,2178
2718,1.6,Random,2264
2719,1.6,Random,2328
2720,1.6,Random,2363
2721,1.6,Random,2416
2722,1.6,Random,2456
2723,1.6,Random,2454
2724,1.6,Random,2466
2725,1.6,Random,2484
2726,1.6,Random,2487
2727,1.6,Random,2488
2728,1.6,Random,2489
2729,1.6,Random,2487
2730,1.6,Random,2488
2731,1.6,Random,2485
2732,1.6,Random,2486
2733,1.6,Random,2486
2734,1.6,Random,2487
2735,1.6,Random,2491
2736,1.6,Random,2487
2737,1.6,Random,2486
2738,1.6,Random,2486
2739,1.6,Random,2487
2740,1.6,Random,2486
2741,1.6,Random,2485
2742,1.6,Random,2485
2743,1.6,Random,2485
2744,1.6,Random,2486
2745,1.6,Random,2485
2746,1.6,Random,2485
2747,1.6,Random,2484
2748,1.6,Random,2486
2749,1.6,Random,2483
2750,1.6,Random,2485
2751,1.6,Random,2485
2752,1.6,Random,2484
2753,1.6,Random,2485
2754,1.6,Random,1228
2755,1.6,Random,795
2756,1.6,Random,370
2757,1.6,Random,396
2758,1.6,Random,411
2759,1.6,Random,558
2760,1.6,Random,731
2761,1.6,Random,908
2762,1.6,Random,1169
2763,1.6,Random,1415
2764,1.6,Random,1619
2765,1.6,Random,1761
2766,1.6,Random,1922
2767,1.6,Random,2051
2768,1.6,Random,2178
2769,1.6,Random,2264
2770,1.6,Random,2328
2771,1.6,Random,2363
2772,1.6,Random,2416
2773,1.6,Random,2456
2774,1.6,Random,2454
2775,1.6,Random,2466
2776,1.6,Random,2484
2777,1.6,Random,2487
2778,1.6,Random,2488
2779,1.6,Random,2489
2780,1.6,Random,2487
2781,1.6,Random,2488
2782,1.6,Random,2485
2783,1.6,Random,2486
2784,1.6,Random,2486
2785,1.6,Random,2487
2786,1.6,Random,2491
2787,1.6,Random,2487
2788,1.6,Random,2486
2789,1.6,Random,2486
2790,1.6,Random,2487
2791,1.6,Random,2486
2792,1.6,Random,2485
2793,1.6,Random,2485
2794,1.6,Random,2485
2795,1.6,Random,2486
2796,1.6,Random,2485
2797,1.6,Random,2485
2798,1.6,Random,2484
2799,1.6,Random,2486
2800,1.6,Random,2483
2801,1.6,Random,2485
2802,1.6,Random,2485
2803,1.6,Random,2484
2804,1.6,Random,2485
2805,1.6,Simultaneous,1228
2806,1.6,Simultaneous,1224
2807,1.6,Simultaneous,69
2808,1.6,Simultaneous,78
2809,1.6,Simultaneous,125
2810,1.6,Simultaneous,196
2811,1.6,Simultaneous,278
2812,1.6,Simultaneous,384
2813,1.6,Simultaneous,499
2814,1.6,Simultaneous,609
2815,1.6,Simultaneous,738
2816,1.6,Simultaneous,873
2817,1.6,Simultaneous,1004
2818,1.6,Simultaneous,1135
2819,1.6,Simultaneous,1267
2820,1.6,Simultaneous,1389
2821,1.6,Simultaneous,1496
2822,1.6,Simultaneous,1594
2823,1.6,Simultaneous,1672
2824,1.6,Simultaneous,1763
2825,1.6,Simultaneous,1853
2826,1.6,Simultaneous,1938
2827,1.6,Simultaneous,1992
2828,1.6,Simultaneous,2031
2829,1.6,Simultaneous,2080
2830,1.6,Simultaneous,2095
2831,1.6,Simultaneous,2119
2832,1.6,Simultaneous,2127
2833,1.6,Simultaneous,2133
2834,1.6,Simultaneous,2142
2835,1.6,Simultaneous,2142
2836,1.6,Simultaneous,2143
2837,1.6,Simultaneous,2140
2838,1.6,Simultaneous,2145
2839,1.6,Simultaneous,2142
2840,1.6,Simultaneous,2141
2841,1.6,Simultaneous,2147
2842,1.6,Simultaneous,2158
2843,1.6,Simultaneous,2142
2844,1.6,Simultaneous,2143
2845,1.6,Simultaneous,2146
2846,1.6,Simultaneous,2137
2847,1.6,Simultaneous,2138
2848,1.6,Simultaneous,2145
2849,1.6,Simultaneous,2153
2850,1.6,Simultaneous,2150
2851,1.6,Simultaneous,2160
2852,1.6,Simultaneous,2163
2853,1.6,Simultaneous,2153
2854,1.6,Simultaneous,2153
2855,1.6,Simultaneous,2144
2856,1.6,Simultaneous,1228
2857,1.6,Simultaneous,1224
2858,1.6,Simultaneous,69
2859,1.6,Simultaneous,78
2860,1.6,Simultaneous,125
2861,1.6,Simultaneous,196
2862,1.6,Simultaneous,278
2863,1.6,Simultaneous,384
2864,1.6,Simultaneous,499
2865,1.6,Simultaneous,609
2866,1.6,Simultaneous,738
2867,1.6,Simultaneous,873
2868,1.6,Simultaneous,1004
2869,1.6,Simultaneous,1135
2870,1.6,Simultaneous,1267
2871,1.6,Simultaneous,1389
2872,1.6,Simultaneous,1496
2873,1.6,Simultaneous,1594
2874,1.6,Simultaneous,1672
2875,1.6,Simultaneous,1763
2876,1.6,Simultaneous,1853
2877,1.6,Simultaneous,1938
2878,1.6,Simultaneous,1992
2879,1.6,Simultaneous,2031
2880,1.6,Simultaneous,2080
2881,1.6,Simultaneous,2095
2882,1.6,Simultaneous,2119
2883,1.6,Simultaneous,2127
2884,1.6,Simultaneous,2133
2885,1.6,Simultaneous,2142
2886,1.6,Simultaneous,2142
2887,1.6,Simultaneous,2143
2888,1.6,Simultaneous,2140
2889,1.6,Simultaneous,2145
2890,1.6,Simultaneous,2142
2891,1.6,Simultaneous,2141
2892,1.6,Simultaneous,2147
2893,1.6,Simultaneous,2158
2894,1.6,Simultaneous,2142
2895,1.6,Simultaneous,2143
2896,1.6,Simultaneous,2146
2897,1.6,Simultaneous,2137
2898,1.6,Simultaneous,2138
2899,1.6,Simultaneous,2145
2900,1.6,Simultaneous,2153
2901,1.6,Simultaneous,2150
2902,1.6,Simultaneous,2160
2903,1.6,Simultaneous,2163
2904,1.6,Simultaneous,2153
2905,1.6,Simultaneous,2153
2906,1.6,Simultaneous,2144
2907,1.6,Simultaneous,1228
2908,1.6,Simultaneous,1224
2909,1.6,Simultaneous,69
2910,1.6,Simultaneous,78
2911,1.6,Simultaneous,125
2912,1.6,Simultaneous,196
2913,1.6,Simultaneous,278
2914,1.6,Simultaneous,384
2915,1.6,Simultaneous,499
2916,1.6,Simultaneous,609
2917,1.6,Simultaneous,738
2918,1.6,Simultaneous,873
2919,1.6,Simultaneous,1004
2920,1.6,Simultaneous,1135
2921,1.6,Simultaneous,1267
2922,1.6,Simultaneous,1389
2923,1.6,Simultaneous,1496
2924,1.6,Simultaneous,1594
2925,1.6,Simultaneous,1672
2926,1.6,Simultaneous,1763
2927,1.6,Simultaneous,1853
2928,1.6,Simultaneous,1938
2929,1.6,Simultaneous,1992
2930,1.6,Simultaneous,2031
2931,1.6,Simultaneous,2080
2932,1.6,Simultaneous,2095
2933,1.6,Simultaneous,2119
2934,1.6,Simultaneous,2127
2935,1.6,Simultaneous,2133
2936,1.6,Simultaneous,2142
2937,1.6,Simultaneous,2142
2938,1.6,Simultaneous,2143
2939,1.6,Simultaneous,2140
2940,1.6,Simultaneous,2145
2941,1.6,Simultaneous,2142
2942,1.6,Simultaneous,2141
2943,1.6,Simultaneous,2147
2944,1.6,Simultaneous,2158
2945,1.6,Simultaneous,2142
2946,1.6,Simultaneous,2143
2947,1.6,Simultaneous,2146
2948,1.6,Simultaneous,2137
2949,1.6,Simultaneous,2138
2950,1.6,Simultaneous,2145
2951,1.6,Simultaneous,2153
2952,1.6,Simultaneous,2150
2953,1.6,Simultaneous,2160
2954,1.6,Simultaneous,2163
2955,1.6,Simultaneous,2153
2956,1.6,Simultaneous,2153
2957,1.6,Simultaneous,2144
2958,1.6,Simultaneous,1228
2959,1.6,Simultaneous,1224
2960,1.6,Simultaneous,69
2961,1.6,Simultaneous,78
2962,1.6,Simultaneous,125
2963,1.6,Simultaneous,196
2964,1.6,Simultaneous,278
2965,1.6,Simultaneous,384
2966,1.6,Simultaneous,499
2967,1.6,Simultaneous,609
2968,1.6,Simultaneous,738
2969,1.6,Simultaneous,873
2970,1.6,Simultaneous,1004
2971,1.6,Simultaneous,1135
2972,1.6,Simultaneous,1267
2973,1.6,Simultaneous,1389
2974,1.6,Simultaneous,1496
2975,1.6,Simultaneous,1594
2976,1.6,Simultaneous,1672
2977,1.6,Simultaneous,1763
2978,1.6,Simultaneous,1853
2979,1.6,Simultaneous,1938
2980,1.6,Simultaneous,1992
2981,1.6,Simultaneous,2031
2982,1.6,Simultaneous,2080
2983,1.6,Simultaneous,2095
2984,1.6,Simultaneous,2119
2985,1.6,Simultaneous,2127
2986,1.6,Simultaneous,2133
2987,1.6,Simultaneous,2142
2988,1.6,Simultaneous,2142
2989,1.6,Simultaneous,2143
2990,1.6,Simultaneous,2140
2991,1.6,Simultaneous,2145
2992,1.6,Simultaneous,2142
2993,1.6,Simultaneous,2141
2994,1.6,Simultaneous,2147
2995,1.6,Simultaneous,2158
2996,1.6,Simultaneous,2142
2997,1.6,Simultaneous,2143
2998,1.6,Simultaneous,2146
2999,1.6,Simultaneous,2137
3000,1.6,Simultaneous,2138
3001,1.6,Simultaneous,2145
3002,1.6,Simultaneous,2153
3003,1.6,Simultaneous,2150
3004,1.6,Simultaneous,2160
3005,1.6,Simultaneous,2163
3006,1.6,Simultaneous,2153
3007,1.6,Simultaneous,2153
3008,1.6,Simultaneous,2144
3009,1.6,Simultaneous,1228
3010,1.6,Simultaneous,1224
3011,1.6,Simultaneous,69
3012,1.6,Simultaneous,78
3013,1.6,Simultaneous,125
3014,1.6,Simultaneous,196
3015,1.6,Simultaneous,278
3016,1.6,Simultaneous,384
3017,1.6,Simultaneous,499
3018,1.6,Simultaneous,609
3019,1.6,Simultaneous,738
3020,1.6,Simultaneous,873
3021,1.6,Simultaneous,1004
3022,1.6,Simultaneous,1135
3023,1.6,Simultaneous,1267
3024,1.6,Simultaneous,1389
3025,1.6,Simultaneous,1496
3026,1.6,Simultaneous,1594
3027,1.6,Simultaneous,1672
3028,1.6,Simultaneous,1763
3029,1.6,Simultaneous,1853
3030,1.6,Simultaneous,1938
3031,1.6,Simultaneous,1992
3032,1.6,Simultaneous,2031
3033,1.6,Simultaneous,2080
3034,1.6,Simultaneous,2095
3035,1.6,Simultaneous,2119
3036,1.6,Simultaneous,2127
3037,1.6,Simultaneous,2133
3038,1.6,Simultaneous,2142
3039,1.6,Simultaneous,2142
3040,1.6,Simultaneous,2143
3041,1.6,Simultaneous,2140
3042,1.6,Simultaneous,2145
3043,1.6,Simultaneous,2142
3044,1.6,Simultaneous,2141
3045,1.6,Simultaneous,2147
3046,1.6,Simultaneous,2158
3047,1.6,Simultaneous,2142
3048,1.6,Simultaneous,2143
3049,1.6,Simultaneous,2146
3050,1.6,Simultaneous,2137
3051,1.6,Simultaneous,2138
3052,1.6,Simultaneous,2145
3053,1.6,Simultaneous,2153
3054,1.6,Simultaneous,2150
3055,1.6,Simultaneous,2160
3056,1.6,Simultaneous,2163
3057,1.6,Simultaneous,2153
3058,1.6,Simultaneous,2153
3059,1.6,Simultaneous,2144
